month,VolumeTo
49595-11,3454770.05073206
49598-08,5086958.30617151
49601-05,1549483.73542151
49604-02,1930364.39032646
49606-11,2797231.71402728
49609-08,3752505.77214051
49612-04,4148686.46581968
49615-01,3296476.41316476
49617-10,2484637.34936327
49620-07,977865.7333321
49623-04,1521580.06202557
49626-01,2591660.52579953
49628-09,2682483.73582991
49631-06,3683714.68666123
49634-03,2579878.72401184
49636-12,2665165.55924616
49639-09,4257723.944817
49642-06,3121052.75230181
49645-03,5909947.49008974
49647-11,5083453.18675071
49650-08,3626346.05544323
49653-05,2305795.13638315
49656-02,4866527.22639337
49658-11,2815383.46568698
49661-08,2700371.80819211
49664-05,2956842.76250147
49667-01,3725190.62328952
49669-10,3570365.92571669
49672-07,5914261.40460825
49675-04,6588767.18669446
49678-01,4804878.24721283
49680-10,2466490.27859466
49683-07,4069033.05715863
49686-03,3558315.19743872
49688-12,2839584.45308804
49691-09,3757043.07821264
49694-06,3031771.43292849
49697-03,2799706.99951511
49699-12,2445788.43620041
49702-09,2784170.85318322
49705-05,2061195.57868009
49708-02,2554629.81447101
49710-11,3553178.87037354
49713-08,6571746.35900076
49716-05,3088354.40084536
49719-02,3137143.89184457
49721-11,2905282.77570845
49724-07,4627422.74283879
49727-04,3676415.10054891
49730-01,3295532.82397779
49732-10,2212035.12414239
49735-07,1302533.21459281
49738-04,2347356.46944654
49741-01,3040508.90436387
49743-09,5044283.86347582
49746-06,3609240.90903919
49749-03,6659759.29119366
49751-12,10597340.30104987
49754-09,5533972.4859947
49757-06,7553650.20132813
49760-03,8701914.79553535
49762-11,8041662.31881055
49765-08,12456909.97604373
49768-05,10609368.77338359
49771-02,11486552.1888066
49773-11,10114821.44026351
49776-08,8035415.37335629
49779-05,10607190.98072695
49782-01,14564495.85056032
49784-10,12544847.89154201
49787-07,11417126.63602561
49790-04,8167069.73635031
49793-01,7308076.01911184
49795-10,10620967.62459168
49798-07,9030219.28673499
49801-03,9487640.8400991
49803-12,10951171.07254041
49806-09,17369001.33091877
49809-06,13614451.74654126
49812-03,10064538.39659038
49814-12,9000403.86573288
49817-08,12673524.6216398
49820-05,10173272.33780804
49823-02,20491286.19840822
49825-11,13798534.34721742
49828-08,22083345.18396158
49831-05,17681445.46474999
49834-02,29711508.60084671
49836-10,16498136.09913936
49839-07,8168729.97122799
49842-04,12446186.45092821
49845-01,17499577.25815967
49847-10,31024092.61951179
49850-07,30334498.31525712
49853-04,30322635.7689457
49855-12,31567135.38731295
49858-09,37074997.58090905
49861-06,29124078.47217724
49864-03,33400702.99957629
49866-12,35840264.45804051
49869-09,36093005.20140187
49872-06,37138533.83941873
49875-02,42961064.95202934
49877-11,48235644.0576554
49880-08,135976167.45757934
49883-05,91430904.34116387
49886-02,62260697.58291551
49888-11,52046689.84006951
49891-08,60350708.29332783
49894-04,52814985.63993067
49897-01,64721253.04527842
49899-10,84409526.69576178
49902-07,109555325.34649764
49905-04,271586476.6191432
49908-01,205372672.98786432
49910-10,233767963.46201488
49913-06,193045127.9036004
49916-03,155716213.09834388
49918-12,196769674.31153056
49921-09,186092495.1834846
49924-06,159809704.04408672
49927-03,76293721.36508314
49929-12,175867439.47045135
49932-08,196339245.745198
49935-05,232790625.92336664
49938-02,221193892.50223887
49940-11,320176825.29037607
49943-08,477509934.71828645
49946-05,184759685.33206663
49949-01,365709589.60302895
49951-10,213139657.6289145
49954-07,224843731.89656883
49957-04,231229932.48204055
49960-01,303401227.98652
49962-10,260911629.21807677
49965-07,247803953.75248587
49968-04,155283285.36704132
49970-12,114799747.44197056
49973-09,279717107.4337192
49976-06,236116868.33619007
49979-03,312781583.79830784
49981-12,369321956.4868375
49984-09,309216920.9864104
49987-06,206194706.37068355
49990-02,396569997.15746266
49992-11,210630187.45766863
49995-08,244011366.763028
49998-05,446587594.6937379
50001-02,222516076.27145907
50003-11,173086488.54788405
50006-07,226525305.12938112
50009-04,200614554.538343
50012-01,722150828.1494024
50014-10,744154180.1312059
50017-07,541289614.0584047
50020-04,382773499.2265792
50023-01,358561107.78097045
50025-09,485289230.8188924
50028-06,475716514.20869696
50031-03,399419413.2329807
50033-12,299470607.4302002
50036-09,236081364.97365227
50039-06,360482470.17375433
50042-03,212663199.53348225
50044-11,200211582.9434541
50047-08,162110154.87880376
50050-05,268978329.50861526
50053-02,181644207.11316264
50055-11,317636345.9843711
50058-08,434236483.7044874
50061-05,256834729.0599109
50064-01,274912288.421322
50066-10,471166218.7134473
50069-07,684364276.3666689
50072-04,477935038.8117769
50075-01,11770168.04386595
50077-10,173348469.81187892
50080-07,423411421.93098
50083-03,366966437.2498885
50085-12,362440826.9943769
50088-09,305165143.6969234
50091-06,370126692.728233
50094-03,512388484.73178285
50096-12,381103299.2238848
50099-09,446012696.1692673
50102-05,649423311.3100228
50105-02,443766562.68306607
50107-11,551573232.2429588
50110-08,731537130.492186
50113-05,682006373.869588
50116-02,571800753.4709765
50118-11,405618586.64803785
50121-07,271286599.1260862
50124-04,347559259.73845184
50127-01,324295371.1414657
50129-10,327914696.13067526
50132-07,268172535.3811293
50135-04,262936307.0078576
50137-12,241749497.9024717
50140-09,194849579.12502077
50143-06,174866951.39806527
50146-03,323842216.64859617
50148-12,514808033.4879209
50151-09,394641280.63843673
50154-06,567082901.1319405
50157-03,341210248.41481787
50159-11,403491260.9275316
50162-08,395562731.86503726
50165-05,367353984.7132836
50168-02,426058009.75594646
50170-11,422130717.47310126
50173-08,322355002.16519487
50176-04,265973111.6176285
50179-01,458311733.5188204
50181-10,462654338.98212785
50184-07,387879393.4706143
50187-04,358157473.3612324
50190-01,354804129.3433086
50192-10,340755592.544531
50195-06,313254829.9051367
50198-03,247023172.30795503
50200-12,358429758.8731952
50203-09,297609656.4404365
50206-06,209186093.18317956
50209-03,405591158.6323181
50211-12,450352009.170998
50214-08,258341534.47236213
50217-05,297470498.81956285
50220-02,224322159.41331607
50222-11,277080072.7617128
50225-08,297443582.7461225
50228-05,263446941.1321242
50231-02,182139799.80865908
50233-10,222323863.54144785
50236-07,149967346.66269
50239-04,234309953.7503344
50242-01,151417844.2663968
50244-10,165264003.41270605
50247-07,485176252.48933566
50250-04,439884522.7119489
50252-12,252868761.32061628
50255-09,230287099.58430216
50258-06,295817536.4749528
50261-03,258221765.57371348
50263-12,217649160.11017892
50266-09,222675105.7884542
50269-06,337288580.42571294
50272-02,358915978.10403395
50274-11,261804372.9093471
50277-08,229754640.59668773
50280-05,431210048.0625035
50283-02,745137762.9688668
50285-11,385046648.1378661
50288-08,342805674.55176014
50291-04,321653866.2001887
50294-01,357004895.9636862
50296-10,325019389.2499412
50299-07,368688349.6216845
50302-04,238421833.7581133
50305-01,366028365.2271445
50307-10,277565997.63316435
50310-06,246807563.50646487
50313-03,267359420.30359015
50315-12,316015961.44182944
50318-09,236418155.68693513
50321-06,235736782.28825977
50324-03,231595002.59561664
50326-12,418859806.4816156
50329-08,337899865.8601308
50332-05,219455683.08035553
50335-02,320583612.23009104
50337-11,242341031.0616692
50340-08,257056552.43007565
50343-05,209489039.34104192
50346-01,189870380.85778692
50348-10,141878775.40909585
50351-07,167440553.7493928
50354-04,181750674.82134953
50357-01,194335432.4375409
50359-10,331238049.64074606
50362-07,284286378.50810045
50365-03,199749585.9695036
50367-12,145636226.4590289
50370-09,136710618.49801704
50373-06,196788994.26580808
50376-03,288070643.9128678
50378-12,237956894.04949045
50381-09,231017579.83413267
50384-05,211458512.1230823
50387-02,203370447.69065264
50389-11,211737376.85348508
50392-08,244167051.18701583
50395-05,237722147.65258065
50398-02,207006657.7801965
50400-11,192949056.8419996
50403-07,178204158.39968467
50406-04,147171153.412775
50409-01,367338754.56308055
50411-10,233056682.85777128
50414-07,245787800.8012235
50417-04,295395681.6623412
50420-01,289074808.78413
50422-09,196192096.14553955
50425-06,143760033.69408152
50428-03,129120718.76299886
50430-12,208570443.95997888
50433-09,163420093.794135
50436-06,175935335.65057912
50439-03,171149859.23602843
50441-11,327460666.9145165
50444-08,162755765.84514263
50447-05,284095336.0578902
50450-02,242859915.8036461
50452-11,119676555.56449406
50455-08,117103011.80356832
50458-05,185247010.87925187
50461-01,201409363.91549844
50463-10,241568568.0310778
50466-07,175096501.49486908
50469-04,235524330.64865333
50472-01,254550438.13768885
50474-10,156277884.33011597
50477-07,230809190.30740517
50480-03,192230903.67599213
50482-12,158034155.17779145
50485-09,165941351.79836008
50488-06,179250573.66648534
50491-03,249099760.1897497
50493-12,182357469.02807087
50496-08,194325733.7875043
50499-05,164467999.80925834
50502-02,110959488.24719918
50504-11,145409822.7448766
50507-08,237104112.45049536
50510-05,364669305.0369064
50513-02,440669913.2083524
50515-10,305198281.13948625
50518-07,342862693.0959096
50521-04,212126417.2287315
50524-01,225619234.83744207
50526-10,320156546.58240986
50529-07,487117211.68189824
50532-04,398119757.80385005
50534-12,352101207.6799552
50537-09,350881696.75270694
50540-06,214357817.0314018
50543-03,209564023.05224952
50545-12,321599782.180698
50548-09,379841367.2024023
50551-06,322252070.44348675
50554-02,285656680.7015636
50556-11,330599837.7285522
50559-08,262282965.4857332
50562-05,229992627.52322164
50565-02,229071781.11536673
50567-11,316365882.1031662
50570-08,382460776.49398136
50573-04,332880900.89059937
50576-01,374699380.94849145
50578-10,291056267.0892287
50581-07,243227298.87942725
50584-04,341552293.0073
50587-01,303179556.3624503
50589-10,439109005.4034304
50592-06,307755605.1624039
50595-03,374472431.7235812
50597-12,345964004.3657212
50600-09,289271954.5532653
50603-06,317617945.7492608
50606-03,265458342.7817206
50608-12,512501182.2029021
50611-08,259786384.55491504
50614-05,251513064.47447148
50617-02,129083702.47542232
50619-11,134117930.3957502
50622-08,254214730.3171242
50625-05,338220284.29016566
50628-02,304565438.4850058
50630-10,309357226.58362526
50633-07,282722730.06131953
50636-04,287299347.7691456
50639-01,288526018.71327895
50641-10,235393601.4251404
50644-07,258978411.271086
50647-04,449463489.0579976
50649-12,390391932.2091176
50652-09,250716129.90518975
50655-06,241711345.37120345
50658-03,233583450.10542047
50660-12,204178349.9698747
50663-09,208346648.80045933
50666-06,197398009.0125667
50669-02,260985165.19184464
50671-11,241466662.64800572
50674-08,164557841.0798692
50677-05,178614079.15149954
50680-02,228970700.75042212
50682-11,205736329.40707865
50685-07,247455364.5237956
50688-04,161844271.63360685
50691-01,345746941.9999864
50693-10,197210670.89197847
50696-07,203479219.38640648
50699-04,234355999.54311827
50702-01,258927200.8310643
50704-09,216859675.30134344
50707-06,216914853.24175173
50710-03,283144987.50423056
50712-12,198424303.60660568
50715-09,183438992.37719536
50718-06,136115256.9683068
50721-03,185725492.2802391
50723-11,184622957.0249073
50726-08,132348680.67600606
50729-05,106264514.65757656
50732-02,72247942.41429408
50734-11,114489082.7536428
50737-08,153704602.4302414
50740-05,102115186.42882323
50743-01,101609680.88217255
50745-10,308153124.4458242
50748-07,183030273.0112748
50751-04,120728650.99596693
50754-01,99527294.08483064
50756-10,627984505.5555727
50759-07,186122772.22286084
50762-03,179641733.16423723
50764-12,134777360.1544343
50767-09,136686215.6690547
50770-06,126325797.49570584
50773-03,43146401.58918715
50775-12,106815019.55165032
50778-09,90969791.0251596
50781-05,78795617.02141578
50784-02,67691945.44596253
50786-11,61792487.79642334
50789-08,50667220.04441258
50792-05,37298357.26271342
50795-02,88484721.03624511
50797-11,56393439.18288881
50800-07,76970488.28166042
50803-04,58031686.8315247
50806-01,62589428.22024873
50808-10,48934237.93991929
50811-07,68169573.18695
50814-04,58127213.13931594
50816-12,77336101.18719475
50819-09,93820576.63463956
50822-06,86450363.67835227
50825-03,75997777.50255908
50827-12,49745307.64123968
50830-09,52709099.31784609
50833-06,65390882.14088421
50836-03,76142983.15196352
50838-11,279632622.8943677
50841-08,270133503.66131264
50844-05,219097215.966752
50847-02,148072393.10210443
50849-11,134893236.9862243
50852-08,368688743.45440894
50855-05,548036628.7293574
50858-01,281264433.4846592
50860-10,157459733.72414753
50863-07,215283656.11539477
50866-04,258702927.69916424
50869-01,398253568.5292384
50871-10,373225761.8074076
50874-06,257593168.12182525
50877-03,382697308.297627
50879-12,316809038.40988266
50882-09,278810574.935784
50885-06,186157614.3155972
50888-03,162917339.00647366
50890-12,195055919.54337287
50893-08,191673423.70626593
50896-05,169404368.19157183
50899-02,254722331.4949405
50901-11,322364604.2802089
50904-08,187909876.24894735
50907-05,161618597.82859048
50910-02,142507933.07357892
50912-10,121841475.29281934
50915-07,116227185.79240072
50918-04,134817053.72748312
50921-01,145101409.49359843
50923-10,95588793.64058843
50926-07,80068159.40481837
50929-04,228756567.64954677
50931-12,216563775.02523196
50934-09,352638213.53853136
50937-06,399967057.78281647
50940-03,325803279.9626696
50942-12,165085567.58556616
50945-09,158756356.8176238
50948-06,264628967.06591076
50951-02,235584302.95256105
50953-11,159705204.50415567
50956-08,161915849.87310502
50959-05,170638519.2472785
50962-02,148205200.1077372
50964-11,124966229.52022897
50967-08,111847216.11708207
50970-04,88149249.09230462
50973-01,133876627.2465106
50975-10,111657372.69526468
50978-07,111034550.64066195
50981-04,115893501.27515878
50984-01,142198812.18914708
50986-10,126830380.4928724
50989-06,154778846.54236615
50992-03,115218950.31554872
50994-12,221789348.03469807
50997-09,137560743.6248598
51000-06,78908770.67658037
51003-03,92882249.46737902
51005-12,125631820.06705056
51008-08,122785440.2288754
51011-05,98504455.20666537
51014-02,106709136.97324342
51016-11,81699723.54479145
51019-08,81354185.90325992
51022-05,99767239.95381454
51025-01,69316548.76685554
51027-10,103804480.11605988
51030-07,88816396.34583545
51033-04,74037052.86632736
51036-01,62634926.45524528
51038-10,69841766.64693148
51041-07,80743416.84653682
51044-03,139258708.7643088
51046-12,100542807.46479908
51049-09,82521122.86191754
51052-06,101928346.97699684
51055-03,87075914.2326683
51057-12,62134037.97539881
51060-09,68801620.06241606
51063-05,80024258.22766612
51066-02,87491347.06381486
51068-11,120500703.0051573
51071-08,63611505.78657223
51074-05,170118212.46197885
51077-02,90488500.0676624
51079-11,84696423.96233752
51082-07,90731831.90427426
51085-04,106766439.99436474
51088-01,93350740.94830574
51090-10,78367545.57945932
51093-07,74938358.18352868
51096-04,70894921.80761532
51099-01,93426433.13226132
51101-09,242898012.76922593
51104-06,197091641.04739997
51107-03,142571564.56112987
51109-12,122714273.87417652
51112-09,94739322.74557024
51115-06,135782959.41827348
51118-03,244146803.51886997
51120-11,145285565.2031707
51123-08,109932596.10609365
51126-05,119564023.12004228
51129-02,124703738.39336836
51131-11,88851336.5211179
51134-08,74175357.77882297
51137-05,63791898.99159701
51140-01,129739738.23815794
51142-10,124945530.76214452
51145-07,95417637.5889866
51148-04,102585458.38333896
51151-01,135000852.01035947
51153-10,121353606.96803357
51156-07,90693949.72150733
51159-03,147721971.09446937
51161-12,104393849.44844826
51164-09,94680049.46033752
51167-06,104673038.77602254
51170-03,84919900.71744472
51172-12,114227606.40681696
51175-09,74893913.05776027
51178-05,89526258.38910636
51181-02,79503748.36263466
51183-11,94019734.23326428
51186-08,144010401.50845116
51189-05,79861943.8108997
51192-02,69169819.8628637
51194-10,68524082.74695624
51197-07,131507366.37512892
51200-04,115330070.99071544
51203-01,129681258.0162135
51205-10,80822230.57984656
51208-07,122585822.5865048
51211-04,79853835.581824
51213-12,55472147.12701675
51216-09,105388238.14788891
51219-06,489018726.75750667
51222-03,548900970.9178842
51224-12,301411332.0090243
51227-09,197660830.71096665
51230-06,210963411.61313188
51233-02,192916750.5719041
51235-11,260487077.7675668
51238-08,175633627.31637353
51241-05,210870034.51205528
51244-02,277736905.85749793
51246-11,166485761.0793121
51249-08,87375984.44461507
51252-04,92594930.42710131
51255-01,147687551.9414771
51257-10,123581651.71216355
51260-07,120972345.51821636
51263-04,118573129.86520116
51266-01,128937309.63806376
51268-10,101343660.15324436
51271-06,133929931.15068737
51274-03,156632202.9709961
51276-12,227154061.8577141
51279-09,262493252.9358424
51282-06,265091565.61466023
51285-03,259659705.6513858
51287-12,81749716.42174439
51290-08,76277087.37424076
51293-05,104822151.5144498
51296-02,117309839.23079813
51298-11,92194935.6047804
51301-08,124498567.2076544
51304-05,264435878.92811015
51307-02,228942582.4507792
51309-10,137653160.7660216
51312-07,144358553.85462248
51315-04,236176663.81792104
51318-01,136245255.5572078
51320-10,167489934.34358987
51323-07,231801342.4320928
51326-04,507216001.34340405
51328-12,619939454.4896551
51331-09,648012612.2927012
51334-06,611103206.0032725
51337-03,305196285.2755824
51339-12,557126171.2789642
51342-09,645676487.3744029
51345-06,271170511.0509332
51348-02,517729474.35844094
51350-11,517939277.868858
51353-08,413637782.3697456
51356-05,384730220.72195166
51359-02,381536239.5128484
51361-11,371381043.73160255
51364-07,227376280.5854076
51367-04,409616322.3884788
51370-01,452651204.9349024
51372-10,273791910.6314759
51375-07,292094591.01803863
51378-04,603312537.3808434
51381-01,373629673.9190144
51383-09,272098436.34069574
51386-06,241414596.71950516
51389-03,387155494.9730488
51391-12,582173398.3257968
51394-09,377635818.0044095
51397-06,282156410.54378915
51400-03,269125728.1416496
51402-11,179047320.02388045
51405-08,243970971.0244344
51408-05,287125339.97011447
51411-02,238031771.51747337
51413-11,333291726.6460002
51416-08,248418184.7720466
51419-05,333475488.55375946
51422-01,276420769.2933853
51424-10,574211342.9796603
51427-07,441567296.05926627
51430-04,470271954.2987056
51433-01,293748062.6668488
51435-10,323621848.1987617
51438-07,494783687.9853515
51441-03,1112069567.638115
51443-12,625330374.7466884
51446-09,469746663.93811727
51449-06,697773986.2691858
51452-03,1996178374.594492
51454-12,2058443849.314
51457-09,1129888341.3212836
51460-05,829011822.2365324
51463-02,971151050.9005816
51465-11,972343281.8603553
51468-08,1128353804.8007915
51471-05,1097804642.7577736
51474-02,775818897.3894848
51476-11,705853649.0264896
51479-07,585001376.155429
51482-04,439439052.9455421
51485-01,618530684.4325522
51487-10,975986802.0300353
51490-07,1369749939.9675038
51493-04,1007356802.218256
51496-01,649824820.7654814
51498-09,614050007.9919451
51501-06,777646151.6029468
51504-03,851028723.7031858
51506-12,982462166.6932294
51509-09,809555508.3476789
51512-06,807822745.1854327
51515-03,589931612.3419864
51517-11,505569016.35008293
51520-08,409661485.99856466
51523-05,421016379.36208767
51526-02,478441909.40505725
51528-11,422534162.14571214
51531-08,378938450.0817674
51534-05,265108103.13392133
51537-01,424932724.9687315
51539-10,278537286.1348134
51542-07,277497756.76841676
51545-04,310867928.28793913
51548-01,389690761.44466114
51550-10,422156523.6690079
51553-07,450323284.1507597
51556-03,363852799.8717801
51558-12,431793873.4232976
51561-09,757976547.217046
51564-06,904119081.6157126
51567-03,814597979.050504
51569-12,604389131.062836
51572-08,467011047.9414285
51575-05,492217964.4905557
51578-02,304862403.351449
51580-11,200325471.60414097
51583-08,368994475.5461124
51586-05,567724729.1059059
51589-02,387705855.0879112
51591-10,527258446.3977765
51594-07,297776329.0305825
51597-04,248508872.4599864
51600-01,396233441.0274596
51602-10,346664453.1367265
51605-07,482889274.517917
51608-04,341371442.9068388
51610-12,282732431.7520724
51613-09,279962133.6257099
51616-06,265132761.31704283
51619-03,432249835.49069726
51621-12,289340681.0789518
51624-09,420034883.00315255
51627-06,337838761.5572865
51630-02,255854874.4507745
51632-11,164116756.46299693
51635-08,188513289.12235728
51638-05,448462178.630381
51641-02,505617667.3992669
51643-11,463526509.325937
51646-08,358861340.7897901
51649-04,623662984.3843305
51652-01,287851131.1802577
51654-10,249900964.37153128
51657-07,409724831.94712263
51660-04,294323839.5070076
51663-01,321637085.47650874
51665-10,353390090.96777725
51668-06,311632094.25618845
51671-03,244063007.09022477
51673-12,185853330.43704256
51676-09,296325130.1709013
51679-06,233944812.560508
51682-03,247024351.59799168
51684-11,447676492.9840264
51687-08,255205290.2118373
51690-05,206034034.50803515
51693-02,220133631.61284167
51695-11,314390584.62646127
51698-08,838996309.1611282
51701-05,512437200.3611044
51704-01,552794530.866682
51706-10,352800745.20792854
51709-07,280672404.6804955
51712-04,253660600.3252929
51715-01,449120676.8427603
51717-10,362980689.8799913
51720-07,216325351.8586446
51723-04,250291751.27141392
51725-12,215325611.6822151
51728-09,177252877.0029691
51731-06,275447898.032875
51734-03,420921679.8442632
51736-12,290675248.1414453
51739-09,462845251.8136103
51742-05,333925412.3041418
51745-02,424413201.53293216
51747-11,177707852.5948189
51750-08,232149438.3639587
51753-05,247530733.18003485
51756-02,270727559.77701086
51758-11,279586845.5362138
51761-07,238343204.48251528
51764-04,248931322.1008505
51767-01,211909734.13572004
51769-10,275899861.65387124
51772-07,250117281.63661337
51775-04,283535483.41051364
51778-01,488220760.6464156
51780-09,243246414.9489239
51783-06,737329544.8835196
51786-03,1522244166.4108484
51788-12,887438297.7462668
51791-09,759178942.9488419
51794-06,600611324.6356996
51797-03,506584830.0313323
51799-11,498152743.7348088
51802-08,398803069.00908464
51805-05,268119579.73009112
51808-02,256664259.6621914
51810-11,426792003.1749065
51813-08,428156963.0785469
51816-05,348607499.83121693
51819-01,361217475.05834645
51821-10,555589995.9935858
51824-07,259733491.8299089
51827-04,307316853.90375423
51830-01,394585996.3292871
51832-10,352675938.430593
51835-07,235060554.1241016
51838-03,290104306.9530332
51840-12,394708981.3155723
51843-09,177222838.38564816
51846-06,229995700.81158423
51849-03,358706174.8252184
51851-12,353463792.04443395
51854-09,263387575.485922
51857-05,455166676.2781802
51860-02,917881536.262084
51862-11,364446217.3737604
51865-08,481922941.3269758
51868-05,831628458.3049068
51871-02,469602476.91268086
51873-10,671646609.1695509
51876-07,427572714.94560075
51879-04,463006956.68515134
51882-01,358749026.3607554
51884-10,446524917.2059704
51887-07,337889295.51018095
51890-04,242379261.10434756
51892-12,608623482.7599232
51895-09,434738864.7840124
51898-06,356905919.01556
51901-03,237000924.85530463
51903-12,223314325.61846468
51906-09,347471155.4826833
51909-06,363127435.3955167
51912-03,217095653.86658928
51914-11,303657479.492691
51917-08,199836160.23365223
51920-05,211004228.015854
51923-02,187402764.56353113
51925-11,307508569.89251375
51928-08,364087469.8222779
51931-05,654057202.1588289
51934-01,397407677.058565
51936-10,229842650.42149535
51939-07,139069157.08645767
51942-04,285577206.9406348
51945-01,510710431.7668603
51947-10,318428019.00091
51950-06,198273303.10954583
51953-03,263289798.9561876
51955-12,242214722.72289035
51958-09,196322192.43800187
51961-06,231731575.8282169
51964-03,216508875.51767525
51966-12,187518399.34504
51969-08,121214452.11606228
51972-05,225982341.3011403
51975-02,495098582.96203536
51977-11,219874240.93994808
51980-08,284848683.7891762
51983-05,413330481.2260492
51986-02,724202791.1429626
51988-10,926410232.6045058
51991-07,507258250.4748797
51994-04,652774220.3884369
51997-01,445034349.5647021
51999-10,309351920.45885
52002-07,252656965.35815012
52005-04,1032735180.8658738
52007-12,743712237.2790816
52010-09,451752380.28108114
52013-06,629568740.707009
52016-03,340852837.9160803
52018-12,623950864.2762928
52021-09,336447837.0018059
52024-06,316056704.984738
52027-02,252638888.21492553
52029-11,407428808.67533696
52032-08,349874174.79003936
52035-05,212869245.63589776
52038-02,263941925.272999
52040-11,473194952.8044688
52043-08,676593159.4823396
52046-04,503188568.8363578
52049-01,569652869.8196837
52051-10,425779010.4065367
52054-07,268137739.9933375
52057-04,428064088.6904683
52060-01,476379993.49247247
52062-09,491136137.2107625
52065-06,613540574.7818311
52068-03,631245079.8223813
52070-12,430744860.1814393
52073-09,427781790.200816
52076-06,437441704.9053964
52079-03,590091358.442907
52081-11,624970415.4054741
52084-08,629756037.5160786
52087-05,815507473.735361
52090-02,482455622.003626
52092-11,580845331.1747848
52095-08,592584876.9040861
52098-05,680009637.6159953
52101-01,696870122.812608
52103-10,547679966.9292257
52106-07,576020107.4626018
52109-04,408286949.8035292
52112-01,237544283.22525856
52114-10,371815095.46744496
52117-07,542081527.6408329
52120-03,514946930.5660231
52122-12,830717784.3790948
52125-09,636955872.7625463
52128-06,615664817.0103912
52131-03,318585951.9885324
52133-12,375729315.25408256
52136-09,528906629.5628192
52139-05,484181096.3229558
52142-02,338849891.95293546
52144-11,524102029.20478296
52147-08,397598476.42056286
52150-05,409983263.789138
52153-02,656931544.7821604
52155-11,918787729.0855838
52158-07,689700153.4490932
52161-04,624465167.3648188
52164-01,1628590104.222213
52166-10,2063819540.638995
52169-07,736651880.9210789
52172-04,753755706.4268771
52175-01,1113690309.1015868
52177-09,793147908.2684975
52180-06,719748122.45302
52183-03,1164739707.514236
52185-12,1401734013.175202
52188-09,794962136.6384171
52191-06,722895653.5100614
52194-03,1015525672.0743864
52196-11,1001890515.2399888
52199-08,880250736.9079887
52202-05,552537189.4793514
52205-02,551326113.8552039
52207-11,577986706.1289365
52210-08,383707122.50096285
52213-05,747569726.4544197
52216-01,465780496.6224872
52218-10,618527468.834164
52221-07,1014494762.4416424
52224-04,710254017.100272
52227-01,495076283.5209042
52229-10,337062083.002028
52232-07,837357664.6519214
52235-03,757201786.6976631
52237-12,555122600.275026
52240-09,444741085.9037586
52243-06,727281590.7719399
52246-03,311699573.516674
52248-12,516235035.1865113
52251-08,649390681.2485026
52254-05,474794776.19211113
52257-02,416947490.61569566
52259-11,865277543.3946935
52262-08,382334236.1694789
52265-05,354845083.7761889
52268-02,326485586.9317384
52270-10,629612368.7476892
52273-07,411800606.08159715
52276-04,431271646.1755991
52279-01,756320213.5858521
52281-10,452118137.7940016
52284-07,331292050.77197313
52287-04,384202783.2747096
52289-12,504025811.6512536
52292-09,357391780.9307627
52295-06,1536390177.0449488
52298-03,1839283907.4625196
52300-12,805640126.6308703
52303-09,523838859.5442492
52306-06,808427095.9321591
52309-02,738343818.6939254
52311-11,683083018.8779808
52314-08,972793508.4649074
52317-05,1409783462.006364
52320-02,997005843.7404792
52322-11,795001351.6797024
52325-08,1594996476.9756367
52328-04,1468392820.7608037
52331-01,760195457.0509585
52333-10,839725719.9602077
52336-07,1247456797.8136663
52339-04,1099721375.8919055
52342-01,560547005.0259086
52344-10,663088800.815278
52347-06,797622297.3261682
52350-03,760713946.0085461
52352-12,721190802.7634026
52355-09,1002046265.9412596
52358-06,537847834.4967086
52361-03,400407195.6289224
52363-12,636787240.3733248
52366-08,553545285.9140139
52369-05,516455128.890688
52372-02,624660855.7800369
52374-11,693930106.1813825
52377-08,542758086.6064701
52380-05,530598690.0714505
52383-01,461272298.85252047
52385-10,749707596.6593573
52388-07,1070060237.1302092
52391-04,441928818.0430156
52394-01,557234945.6467389
52396-10,465200788.2036338
52399-07,315604867.236149
52402-04,556919603.7915448
52404-12,395459395.8213373
52407-09,447208895.8386984
52410-06,462384305.3511994
52413-03,902075648.5453848
52415-12,472007894.37567526
52418-09,261673162.2584724
52421-05,282131272.3800662
52424-02,793518842.5509843
52426-11,494458269.13979113
52429-08,453209812.22578067
52432-05,351649555.0725387
52435-02,423086965.1927383
52437-11,282120360.5567526
52440-07,227467940.6102112
52443-04,550995799.0694705
52446-01,395487616.460878
52448-10,579426702.7966821
52451-07,514396747.4047828
52454-04,461347064.8295031
52457-01,419606802.23720133
52459-09,278721674.9221112
52462-06,384206326.4706804
52465-03,287781334.51701576
52467-12,354087627.1696612
52470-09,417724468.8873568
52473-06,263123750.4671724
52476-03,240576054.91572312
52478-11,308410443.6592152
52481-08,502548376.20946366
52484-05,320576525.3553498
52487-02,525344876.6999235
52489-11,447640493.54432976
52492-08,352238898.7694825
52495-05,208410250.50959367
52498-01,285591381.4915314
52500-10,396614086.7962699
52503-07,421789086.45494735
52506-04,360201683.49480516
52509-01,395883667.0248003
52511-10,256360345.57676795
52514-07,206628105.36278892
52517-03,238521988.0313255
52519-12,325297289.27265835
52522-09,563360524.7994282
52525-06,457776105.6155714
52528-03,494282948.7336824
52530-12,419240263.5218282
52533-09,391431695.7168218
52536-05,644607634.4817771
52539-02,1580355372.0991795
52541-11,1065375500.1891888
52544-08,853242253.6158236
52547-05,669779541.8872833
52550-02,786344325.8552314
52552-10,987817017.3186324
52555-07,1105757335.5281618
52558-04,641127593.2614517
52561-01,658084242.6797222
52563-10,861433645.4244397
52566-07,746479211.7155949
52569-04,767005529.2821208
52571-12,489087264.3602809
52574-09,483708602.8963804
52577-06,1009169063.3832128
52580-03,1049615697.1379416
52582-12,743303608.0999826
52585-09,809611114.2132485
52588-06,702273220.6964157
52591-03,667446824.0641296
52593-11,489731524.6369436
52596-08,1026883452.894772
52599-05,920402307.1768104
52602-02,870612801.5295693
52604-11,543576025.0485107
52607-08,755451999.6540914
52610-05,504305451.410864
52613-01,440406018.65187865
52615-10,542298951.538298
52618-07,797034671.6452801
52621-04,615452789.9673375
52624-01,717474981.6640126
52626-10,525606229.654251
52629-06,379228275.2707224
52632-03,501375342.93503886
52634-12,646723855.5714536
52637-09,928047313.4889666
52640-06,1005391012.1338753
52643-03,1325106403.3158674
52645-12,959925718.3512752
52648-08,917578408.8761182
52651-05,574903000.2351745
52654-02,634278537.8151095
52656-11,742947901.9712393
52659-08,503082625.2147909
52662-05,602390078.4922807
52665-02,451241002.66033614
52667-10,366912671.4437269
52670-07,455338605.3291489
52673-04,706175591.3866128
52676-01,666457161.1491377
52678-10,708644989.4830699
52681-07,605010288.7799246
52684-04,516147935.6692284
52686-12,423651901.1577304
52689-09,426815210.75551224
52692-06,751020795.2358837
52695-03,460362500.7284081
52697-12,539362015.157462
52700-09,604520870.055638
52703-06,512647249.14932007
52706-02,304511477.68085533
52708-11,327169249.4549957
52711-08,544463219.5978093
52714-05,449345822.46022886
52717-02,425279696.28526336
52719-11,652168989.4617349
52722-08,526864379.3093653
52725-04,235160884.60853615
52728-01,246252050.90681073
52730-10,364158510.23798054
52733-07,520051256.0821992
52736-04,348298562.85686266
52739-01,559311760.4414803
52741-10,530822321.51623464
52744-06,494785212.2308736
52747-03,329927755.03808504
52749-12,604779845.7920177
52752-09,482663390.72403574
52755-06,472007015.72093433
52758-03,556436445.5576282
52760-11,553211001.6122569
52763-08,253582775.96265447
52766-05,266150824.34809864
52769-02,550728683.7992793
52771-11,737425592.0819716
52774-08,1437122186.6339955
52777-05,905778888.8702904
52780-01,650680239.1101469
52782-10,468299521.7696653
52785-07,502672049.2290516
52788-04,794395722.4533454
52791-01,1085214437.7511137
52793-10,1263487952.9951568
52796-07,997867948.8609744
52799-03,946818817.5575092
52801-12,927048458.5423616
52804-09,499124369.0753264
52807-06,873629993.8313928
52810-03,1009402087.7104616
52812-12,1293872665.4179618
52815-09,2131865609.2908912
52818-05,1909660728.8229203
52821-02,1536510177.0914736
52823-11,998031373.8397804
52826-08,1670447935.514179
52829-05,943615126.0891504
52832-02,1226425496.3618553
52834-11,1628755508.6741984
52837-07,1230358611.1248894
52840-04,944765868.609419
52843-01,696651729.7452534
52845-10,1335728013.9057603
52848-07,1982752071.450512
52851-04,2663337935.500298
52854-01,1656794228.8537636
52856-09,1623135138.5910714
52859-06,1413641591.284171
52862-03,1497662550.0540428
52864-12,1529064319.6694436
52867-09,2145301450.4579408
52870-06,1774870796.288233
52873-03,3127314143.1045747
52875-11,1446670351.435088
52878-08,1128061605.107225
52881-05,996743798.8649216
52884-02,2205929119.505336
52886-11,2446070334.8287983
52889-08,1436895344.8259497
52892-05,1286548310.8267057
52895-01,1358079975.025498
52897-10,813445434.1308142
52900-07,709558933.5829058
52903-04,793517668.6839459
52906-01,1160658077.404659
52908-10,1450130664.0645845
52911-07,966149529.000607
52914-03,1301081647.3079
52916-12,915552835.9061832
52919-09,1083520569.094854
52922-06,906101687.739595
52925-03,1196361527.9258018
52927-12,2325135958.6418405
52930-08,4196645567.4258766
52933-05,1820875361.294598
52936-02,2018969878.8868675
52938-11,1810862074.730308
52941-08,2035446293.9289708
52944-05,2010758620.2435267
52947-02,2797688007.071879
52949-10,1602394244.0767715
52952-07,1919766316.667737
52955-04,2496533065.175581
52958-01,4028928683.882025
52960-10,2151806808.5743523
52963-07,1851617219.7682345
52966-04,2683953237.460271
52968-12,2173600125.4200735
52971-09,1582526989.1618726
52974-06,4073842163.67154
52977-03,4057598425.492016
52979-12,4429010349.695345
52982-09,3743617144.6469154
52985-06,4431954248.519615
52988-02,5062569943.383372
52990-11,5568443208.731365
52993-08,3054779029.1617765
52996-05,4604034729.507071
52999-02,8426879770.740009
53001-11,4651302423.484116
53004-08,4322876606.419625
53007-04,3974826638.1450887
53010-01,4371588898.681637
53012-10,3178840336.1492844
53015-07,2843103040.240664
53018-04,2554843260.524399
53021-01,2935348499.344214
53023-10,3126721093.520776
53026-06,4281220573.9354296
53029-03,4483295872.022273
53031-12,2089098295.758437
53034-09,1864609665.3657017
53037-06,2958759288.5635686
53040-03,2708545364.494641
53042-12,2958081421.641559
53045-08,2953553214.065682
53048-05,8195593336.228466
53051-02,2884500062.938079
53053-11,2289641045.7580123
53056-08,2791776658.0056057
53059-05,2716321896.3176084
53062-01,2951232788.1843047
53064-10,3452669022.153292
53067-07,2509278291.7515864
53070-04,3922095148.92815
53073-01,3256521384.2406106
53075-10,5881536976.635699
53078-07,5386255398.017187
53081-04,4431650130.251104
53083-12,4185630934.4108953
53086-09,4080571908.9676614
53089-06,3007710147.41816
53092-03,3584808348.834733
53094-12,3782219060.664722
53097-09,4349983777.692368
53100-06,4365831514.815297
53103-02,3149973077.4874654
53105-11,4251167827.6842465
53108-08,4551890859.8512745
53111-05,3317998263.3478885
53114-02,7213386720.436797
53116-11,8215839131.243385
53119-08,4574033001.379536
53122-04,4152188728.1416154
53125-01,5086374532.734615
53127-10,3105897438.550972
53130-07,3708359965.45458
53133-04,4057515794.865728
53136-01,3120472069.909453
53138-09,4109521257.5407
53141-06,4079837240.8567615
53144-03,3727133104.837311
53146-12,2143910705.2915032
53149-09,2778875909.4491262
53152-06,3400847931.036074
53155-03,3861450964.654904
53157-11,4700197563.359213
53160-08,4612366201.00222
53163-05,4162054726.378839
53166-02,4933383453.245977
53168-11,3176397573.8846426
53171-08,5874241052.093372
53174-05,4304259207.645101
53177-01,3960992972.154291
53179-10,3900885761.2128057
53182-07,3052711147.9349246
53185-04,2616535093.051585
53188-01,2774223129.62381
53190-10,3527479514.3256526
53193-07,3264650774.817461
53196-03,4583159614.046461
53198-12,4536327184.957861
53201-09,3397036140.751637
53204-06,2767070175.861931
53207-03,2178777329.4452167
53209-12,3877131109.734646
53212-09,3221944107.4550304
53215-05,3575976083.804576
53218-02,2789238879.943373
53220-11,2811159761.2684674
53223-08,2783151686.164537
53226-05,2380139010.730232
53229-02,3155214764.164485
53231-11,3166911557.1481576
53234-07,4053294016.484514
53237-04,2531779682.552427
53240-01,2378340697.289584
53242-10,4197138552.4690337
53245-07,2462032926.617981
53248-04,3393042867.871467
53250-12,5154877375.389618
53253-09,5239081228.156977
53256-06,3248931738.293182
53259-03,5647292669.615493
53261-12,3605701810.675047
53264-09,6949379727.429153
53267-06,4398619580.647143
53270-03,4037701391.6195264
53272-11,3704549578.697303
53275-08,5594983857.318092
53278-05,6571097317.467918
53281-02,2762081002.878663
53283-11,2867858315.18732
53286-08,4555688503.3973875
53289-04,2949719328.3669896
53292-01,3020242787.5066776
53294-10,2823220335.476041
53297-07,3808187372.73938
53300-04,2460342954.842521
53303-01,2089763230.439627
53305-10,3337604542.6273804
53308-06,4705402064.300976
53311-03,4327994296.151437
53313-12,3992289527.7370977
53316-09,4239374487.474772
53319-06,4079553831.988064
53322-03,4043552701.506599
53324-12,5131782639.966137
53327-08,3583030654.7630196
53330-05,5476115093.110468
53333-02,7303694688.601401
53335-11,4015904915.407911
53338-08,4350775846.517358
53341-05,5367497608.115901
53344-02,7346755531.933857
53346-10,5146670282.547901
53349-07,13477694934.871796
53352-04,8019897067.17622
53355-01,7713346610.274127
53357-10,4730567647.6744
53360-07,7431242463.203841
53363-04,5996773032.151344
53365-12,4253519579.378729
53368-09,4113717505.2635546
53371-06,3361413526.0535436
53374-03,4926260941.933613
53376-12,3949843335.322595
53379-09,2601994948.148242
53382-06,3406047734.831128
53385-02,2973928300.375587
53387-11,2523462575.688438
53390-08,2930945325.709207
53393-05,3379399754.9305224
53396-02,2560547116.8364058
53398-11,1711857075.0471697
53401-08,2755673601.7139134
53404-04,4030784324.609684
53407-01,4794741674.438823
53409-10,4062957162.3643
53412-07,2903043643.3100724
53415-04,3132387326.5375137
53418-01,3208991521.63768
53420-10,4320307646.765389
53423-06,3247746713.62741
53426-03,3450556041.6005836
53428-12,3065622530.039886
53431-09,3507868126.3062024
53434-06,2453817534.777169
53437-03,3124634336.840761
53439-12,5545926077.788067
53442-08,6406159197.076789
53445-05,4282250433.919445
53448-02,2925373222.105977
53450-11,3846120542.6572967
53453-08,3376415451.7931237
53456-05,3199980157.750333
53459-01,2837122779.5244017
53461-10,3233947791.863388
53464-07,2688939291.095673
53467-04,2410809595.390457
53470-01,1870193042.3935368
53472-10,1478423023.5034828
53475-07,1544458212.3926332
53478-03,2183406257.493829
53480-12,1991691100.9482656
53483-09,1857658028.4808035
53486-06,2304973020.298715
53489-03,1562958239.3913765
53491-12,1171790111.0829952
53494-09,1070033013.1920449
53497-05,1620646741.334963
53500-02,1348583017.0103433
53502-11,1515692074.9875476
53505-08,1652077965.4365597
53508-05,1538342711.579657
53511-02,1072815966.3363076
53513-11,1140964365.6466017
53516-07,1470563281.9365027
53519-04,1821230700.020391
53522-01,2603140706.0822244
53524-10,1482763544.9505365
53527-07,1631947003.0730464
53530-04,1625046258.436552
53533-01,1646935552.8055446
53535-09,5832475057.065676
53538-06,3335658261.9955463
53541-03,4040889461.661528
53543-12,2154190697.3453183
53546-09,2939833541.3815365
53549-06,1868285510.8846784
53552-03,2227567271.4878654
53554-11,2010928003.594409
53557-08,2195360658.5673285
53560-05,2028792778.184805
53563-02,3314527738.3397326
53565-11,3148022459.9161587
53568-08,3197407326.0367928
53571-05,3074924734.87934
53574-01,3362870286.2581177
53576-10,2452485823.9336543
53579-07,2432788769.8326964
53582-04,2478758524.864176
53585-01,2239435701.1177917
53587-10,2166461458.668249
53590-07,1950753713.2121248
53593-03,2462127629.6090236
53595-12,2616339597.9157424
53598-09,2439673265.947117
53601-06,2416320067.133769
53604-03,2721131744.277817
53606-12,2290966131.3761606
53609-08,1807169840.1691716
53612-05,2616721363.6851716
53615-02,2486079315.564424
53617-11,2149442271.5264206
53620-08,2333900030.229628
53623-05,2007071230.2199953
53626-02,1303966035.7705495
53628-10,1588661416.3603797
53631-07,1932344430.9239264
53634-04,2303799571.3822727
53637-01,2386074445.4158525
53639-10,2704192314.674689
53642-07,2949574478.071738
53645-04,1733527136.444259
53647-12,2049212025.844659
53650-09,2549290983.0568776
53653-06,6004105772.870442
53656-03,3000605793.938961
53658-12,2351862983.5182405
53661-09,2243698626.039517
53664-06,1380370764.0127168
53667-02,1464780920.2199812
53669-11,2930668118.2616343
53672-08,2072259519.06192
53675-05,2056996398.8439617
53678-02,1948447232.9107175
53680-11,1637122049.4128375
53683-08,1491461627.9514225
53686-04,1421642879.4932065
53689-01,3457139274.3000712
53691-10,3551997786.6903553
53694-07,2482639471.907596
53697-04,2147211305.482089
53700-01,3596718231.050549
53702-10,1428238748.2095258
53705-06,2124657079.2797763
53708-03,1728912299.8034244
53710-12,1816305387.838858
53713-09,1399625476.0563762
53716-06,2005486003.5646772
53719-03,3076094886.5924745
53721-12,1459064880.5324447
53724-08,1482764462.1905773
53727-05,2258464361.1263566
53730-02,2618101829.017722
53732-11,4236927265.3815217
53735-08,2983143121.088643
53738-05,2522087625.0940795
53741-01,3024862790.6955924
53743-10,4923958325.389875
53746-07,2994673617.7236485
53749-04,3017210682.8859496
53752-01,3123307687.477303
53754-10,2481915791.591235
53757-07,4959389368.726733
53760-04,2173374058.808911
53762-12,2371696294.797305
53765-09,3195091233.4205527
53768-06,3370863940.269437
53771-03,3362878816.4045925
53773-12,4407757970.879756
53776-09,3229377744.311425
53779-06,1686121722.2187824
53782-02,1889694558.9504948
53784-11,2309339650.10938
53787-08,2492606133.3189454
53790-05,3688306192.972418
53793-02,3677629851.059607
53795-11,2706090987.3096256
53798-07,1937860260.4380624
53801-04,2396556477.343494
53804-01,2737282804.738131
53806-10,2909221038.40065
53809-07,2713389500.4663587
53812-04,2218138026.7045407
53815-01,1943346371.470386
53817-09,1556774943.5537283
53820-06,1585744720.199772
53823-03,3575716171.0442996
53825-12,3014326962.087268
53828-09,4335575752.805223
53831-06,2415537333.57771
53834-03,2844286547.504041
53836-11,1442441613.5983922
53839-08,1658473781.2937696
53842-05,2460915922.876128
53845-02,4705744041.299647
53847-11,2767802055.200423
53850-08,3644824179.1448526
53853-05,2896189975.910774
53856-01,1982718831.1570768
53858-10,1886578154.5167084
53861-07,2968622334.137657
53864-04,2837210673.4885187
53867-01,2246374244.330568
53869-10,2455658857.7005925
53872-07,3649353860.4295673
53875-03,1623173123.4917314
53877-12,1982198373.5328348
53880-09,2313371348.113543
53883-06,2823644073.0219045
53886-03,2584928714.0757422
53888-12,2127110102.107309
53891-09,3246198505.9468513
53894-05,5495712061.978532
53897-02,2231486105.843912
53899-11,2851528919.1795363
53902-08,1950573500.2086656
53905-05,1925458787.114752
53908-02,1841474998.89511
53910-11,2135023722.853152
53913-07,1397524635.5814018
53916-04,1292315883.6245537
53919-01,2423888500.7903047
53921-10,1887427362.4740963
53924-07,2487012309.091549
53927-04,1551200654.0527449
53930-01,2015966349.5161328
53932-09,1165205135.7008429
53935-06,1384958598.3627698
53938-03,1663363117.8304534
53940-12,1827234149.05988
53943-09,1322418595.3337295
53946-06,1738129830.7814522
53949-03,1616919305.7036664
53951-11,971491029.130824
53954-08,1132200241.5624182
53957-05,1471423612.091862
53960-02,2242102220.9310036
53962-11,1873785571.2732968
53965-08,1428755720.453203
53968-05,1650715977.918517
53971-01,924155159.5834864
53973-10,866610995.5633582
53976-07,1292203508.3256547
53979-04,1649170424.1276135
53982-01,2334288544.645448
53984-10,1674466154.4383326
53987-07,2293851015.4652367
53990-03,1367233494.827767
53992-12,952830064.5125848
53995-09,2088111339.5055964
53998-06,1574803608.9600787
54001-03,1470906437.7120714
54003-12,1515944525.4954946
54006-08,1392000443.3501673
54009-05,946488263.548448
54012-02,887203134.0531468
54014-11,1169381684.4668436
54017-08,1228459687.3994458
54020-05,1327478459.1602297
54023-02,1784801200.4044871
54025-10,3405501703.2219367
54028-07,3207531048.0306516
54031-04,1572414639.0428774
54034-01,3192041586.10319
54036-10,1799224214.4997392
54039-07,2627491976.6908574
54042-04,1925920128.3436608
54044-12,1560203931.220128
54047-09,989652386.9966494
54050-06,812750216.6010319
54053-03,1386754529.0295446
54055-12,1334266166.7099986
54058-09,1353093948.9776013
54061-06,1179502838.6566265
54064-02,2526572562.0582848
54066-11,1349805515.9300363
54069-08,934168802.8801152
54072-05,2204523609.9033957
54075-02,2847485971.4977336
54077-11,1512500139.1430995
54080-08,2772188373.2227836
54083-04,1937866768.5059533
54086-01,1123136004.7237244
54088-10,750533311.6529565
54091-07,1436927831.4445865
54094-04,1672855933.625659
54097-01,1250973502.301845
54099-10,1993400162.948067
54102-06,1765622365.952756
54105-03,721960636.0646691
54107-12,1293216601.4518795
54110-09,2382027320.8617606
54113-06,2010628230.754918
54116-03,1665486687.2399373
54118-12,4335107392.009488
54121-08,2197889580.2826686
54124-05,1152621719.69438
54127-02,1780512702.886402
54129-11,2975160226.168985
54132-08,2701611023.69432
54135-05,2550792948.288624
54138-01,2192152097.925188
54140-10,2527001270.7194686
54143-07,1187689935.0879936
54146-04,1542258009.6292188
54149-01,2449362161.7015386
54151-10,2149652714.804345
54154-07,2797240840.960747
54157-03,2854310740.8076735
54159-12,2305825015.6010857
54162-09,939663387.3149892
54165-06,1268441605.1866877
54168-03,1821922588.4472065
54170-12,1796571984.458497
54173-09,3552563766.3655386
54176-05,1521083189.7108624
54179-02,1862337033.4847207
54181-11,1216709156.4428055
54184-08,1273880705.2502496
54187-05,1618789548.0684211
54190-02,2525975507.8012
54192-11,1725787170.5823965
54195-07,2436258223.622338
54198-04,2421153187.6604123
54201-01,1022802857.60941
54203-10,1907019662.3441496
54206-07,2789898402.616576
54209-04,1748600385.4502351
54212-01,1932152559.8831124
54214-09,2262485160.568584
54217-06,2556532890.870311
54220-03,1721690754.4393935
54222-12,1550999693.0508049
54225-09,2053434523.8685389
54228-06,1951668192.92951
54231-03,2700644700.890392
54233-11,1623879486.6600313
54236-08,1830699971.611312
54239-05,759274586.6137776
54242-02,971459737.5009404
54244-11,2602039073.0150447
54247-08,2309514071.5938725
54250-05,1677171454.091079
54253-01,1494726286.01801
54255-10,966888436.8162508
54258-07,638275503.9141085
54261-04,803414248.9836986
54264-01,2153574975.9131336
54266-10,1472363265.362188
54269-07,1697039284.0853004
54272-03,2476061417.8872576
54274-12,1870172362.4022496
54277-09,804677022.9078971
54280-06,1056336243.0198607
54283-03,2470071005.2401423
54285-12,2615206861.8349133
54288-08,2218523642.4263873
54291-05,2223808385.806376
54294-02,2006135662.8559997
54296-11,1354900532.1335113
54299-08,1478259271.913873
54302-05,2058450718.2963235
54305-02,1539320434.2647235
54307-11,2438553987.4535437
54310-07,3329684235.963952
54313-04,2466507512.182029
54316-01,1222539413.6400983
54318-10,2498365159.9945807
54321-07,6166367111.275724
54324-04,5179856929.47993
54326-12,6300295994.553138
54329-09,5795451310.945577
54332-06,2956855804.856112
54335-03,1501483453.5008905
54337-12,1401499926.2304175
54340-09,2185567735.6820626
54343-06,1715109131.0802064
54346-03,1762843836.126938
54348-11,2014360135.785272
54351-08,1800589029.270878
54354-05,616194663.9792111
54357-02,1082530816.0162497
54359-11,1914305818.074519
54362-08,1740257602.3067698
54365-04,1771708175.0718915
54368-01,2759055410.397752
54370-10,2626515958.5034895
54373-07,994674257.5679232
54376-04,804777532.6497605
54379-01,2980527582.467496
54381-10,1981259117.011546
54384-06,3171191028.249736
54387-03,1711652906.191896
54389-12,1615616950.7143807
54392-09,760874329.4663155
54395-06,691201528.1600257
54398-03,2149499896.9349375
54400-12,3347397952.730591
54403-08,2087270428.3470397
54406-05,1399839073.774508
54409-02,2255866294.494887
54411-11,1892007188.0756
54414-08,2551767136.3295846
54417-05,6192246037.404873
54420-02,4136108699.025428
54422-10,4249276481.256697
54425-07,2130037160.0626109
54428-04,1796575392.5507207
54431-01,3726639821.6961513
54433-10,2487561781.535987
54436-07,2220396381.7426524
54439-04,2198596137.3432837
54441-12,1872204589.2375815
54444-09,1710694866.4572449
54447-06,1635129191.170251
54450-03,1093873137.974752
54452-12,1139258367.162915
54455-09,1354369225.8404648
54458-06,1321862977.9315486
54461-02,1556549790.0089242
54463-11,1808994369.031444
54466-08,2197016369.969529
54469-05,888415536.8730664
54472-02,980255891.3952552
54474-11,1470987695.521582
54477-07,1919950110.1674304
54480-04,1665481948.0096316
54483-01,1783224085.72368
54485-10,8781330156.61243
54488-07,3857190523.494272
54491-04,4062794310.272033
54494-01,2813718031.1093426
54496-09,2754215439.3324776
54499-06,4096306063.801935
54502-03,3526210098.2850437
54504-12,2984339734.3532705
54507-09,2539616922.7986083
54510-06,2511251392.576525
54513-03,5263396811.539256
54515-11,5954419902.221928
54518-08,5631801151.220376
54521-05,4232411759.395025
54524-02,3981394766.2280574
54526-11,2745262660.6777816
54529-08,2610817967.163939
54532-05,3954002948.5472584
54535-01,3738774849.3577113
54537-10,4614909656.6957855
54540-07,5511388547.615389
54543-04,4733780641.305037
54546-01,3634601094.96542
54548-10,3028386330.644831
54551-07,3346371889.6521215
54554-03,3631020649.22638
54556-12,3385430753.8050184
54559-09,3537434334.434649
54562-06,4046435951.354509
54565-03,1944693656.706568
54567-12,2051763044.5523689
54570-09,4078052110.543129
54573-05,3347110918.907211
54576-02,4918825599.489632
54578-11,6097813762.895935
54581-08,4175834601.8605466
54584-05,3751417148.252107
54587-02,3708565144.898009
54589-11,5894066098.523285
54592-07,4294907691.650949
54595-04,4993659434.236888
54598-01,3375338942.2617884
54600-10,6181759252.730265
54603-07,3871242921.224679
54606-04,3405034922.807078
54609-01,4721412016.903412
54611-09,4299812533.944709
54614-06,3744196823.5648546
54617-03,3672148286.6013737
54619-12,5785149465.09769
54622-09,3269764074.3564396
54625-06,2781133881.0518456
54628-03,4211334408.9865937
54630-11,5157974826.609323
54633-08,5595829094.391042
54636-05,4893158531.781241
54639-02,4946889819.514836
54641-11,2908816275.010286
54644-08,2883227667.1961927
54647-05,4404971191.907026
54650-01,6976809188.41019
54652-10,5436827909.201311
54655-07,5057217166.675081
54658-04,8929831332.708796
54661-01,6589753118.84113
54663-10,6064643642.716231
54666-07,8743762682.841719
54669-03,9302239274.39612
54671-12,6886235196.646197
54674-09,6655264974.21376
54677-06,5584012914.113888
54680-03,3578667842.6952825
54682-12,5033968947.530573
54685-08,7215196795.656052
54688-05,6206043205.412278
54691-02,7338667639.751955
54693-11,7203741481.483637
54696-08,7330336009.190999
54699-05,4568927983.6507845
54702-02,3625136713.924704
54704-10,8356951609.998723
54707-07,11705770260.67216
54710-04,9964460007.304356
54713-01,7868786414.856212
54715-10,8694127253.576593
54718-07,3200350294.52687
54721-04,3970724799.9558167
54723-12,5672105805.772144
54726-09,6533428229.851051
54729-06,6275437160.958073
54732-03,6452892402.32427
54734-12,4353681483.987034
54737-09,1995917001.7395988
54740-06,2215007204.237991
54743-02,4101745483.129524
54745-11,4642843395.600282
54748-08,4086903621.9265537
54751-05,7554309475.307986
54754-02,6877621835.225796
54756-11,2178316065.622199
54759-08,2531545363.3077006
54762-04,4331666395.604673
54765-01,5065944973.464348
54767-10,3575041318.4497843
54770-07,4276025723.994783
54773-04,5126619487.86902
54776-01,2117395641.1269212
54778-10,3233393909.200977
54781-06,4957159176.816838
54784-03,6454151276.520069
54786-12,7833551674.485678
54789-09,6771209922.011917
54792-06,5849603405.682575
54795-03,5303038321.457483
54797-12,3994389493.325891
54800-08,6226304300.443864
54803-05,5740102554.920829
54806-02,7633404092.430692
54808-11,6461673165.239643
54811-08,9409862204.986904
54814-05,5240395528.908201
54817-01,4877535058.4127035
54819-10,8035052131.593452
54822-07,14758384309.854223
54825-04,12737719697.394009
54828-01,10323294543.880356
54830-10,6725273822.837806
54833-07,2827930561.0063796
54836-03,3074280132.053524
54838-12,6273920325.336827
54841-09,4758545355.786832
54844-06,4362538338.565324
54847-03,3785204632.0142207
54849-12,3588467560.373121
54852-09,1747627888.1295476
54855-05,2561165772.4957075
54858-02,5188798317.004153
54860-11,3823612603.8030014
54863-08,4368042618.500261
54866-05,3431724405.654768
54869-02,3003553172.229472
54871-11,3011990387.647429
54874-07,2679048565.5213013
54877-04,4096398587.357313
54880-01,4072651066.999406
54882-10,5123595199.505286
54885-07,3972607179.868572
54888-04,3432385161.660257
54891-01,2622504252.8664527
54893-09,3040020095.0511775
54896-06,4015334796.603721
54899-03,3717926010.340586
54901-12,3723206794.305466
54904-09,4009427525.030412
54907-06,4097973425.6973534
54910-03,2411933258.8486
54912-11,2663686104.0825615
54915-08,3844787581.481925
54918-05,4983896040.378995
54921-02,4779915721.484458
54923-11,3923378677.833748
54926-08,4308933187.65654
54929-05,2417851422.2131248
54932-01,1884666030.0992384
54934-10,2981094033.0138125
54937-07,4176995653.545711
54940-04,2638528723.736041
54943-01,2949612072.049303
54945-10,2720021933.978926
54948-07,1686757294.9926343
54951-03,2108857873.1916704
54953-12,2099037538.631794
54956-09,2918379509.5314097
54959-06,3210894236.8123903
54962-03,2671665748.0816226
54964-12,2726831056.725026
54967-09,1897047504.9188976
54970-05,1604793789.6772125
54973-02,2034683215.2678783
54975-11,2662765916.3256683
54978-08,3709833209.8453646
54981-05,2751080253.8177333
54984-02,3490305009.6881223
54986-10,1770201710.2089734
54989-07,2291925699.958545
54992-04,4590284350.546169
54995-01,3829247653.731105
54997-10,4586965947.26355
55000-07,8348431207.846009
55003-04,7061633461.444735
55005-12,8183071567.046188
55008-09,3710526606.1389647
55011-06,6168654053.042638
55014-03,5840585769.490093
55016-12,7399719195.246726
55019-09,5243024330.011201
55022-06,7256172889.71053
55025-03,7938935168.532013
55027-11,5775552321.544121
55030-08,6704191295.975681
55033-05,6721432962.573842
55036-02,7875590359.115837
55038-11,6664592468.337928
55041-08,6461707755.053915
55044-04,3408985411.316586
55047-01,6941922954.136407
55049-10,7020727239.059653
55052-07,6083858924.538485
55055-04,7212542002.3251
55058-01,8673696845.805109
55060-10,7806490899.914181
55063-06,3886777607.7960505
55066-03,4842463016.833934
55068-12,6076050768.117038
55071-09,7085929136.45685
55074-06,6457585647.820654
55077-03,9052973327.19716
55079-12,7369456394.906654
55082-08,3842000897.79758
55085-05,4469822441.4372015
55088-02,6404813758.2696295
55090-11,7938385476.792083
55093-08,8604133693.66317
55096-05,11074988148.779009
55099-02,11968532252.05733
55101-10,5339920389.516133
55104-07,7408745406.624343
55107-04,8561226688.07291
55110-01,9280992344.428871
55112-10,9101745945.990707
55115-07,9596083721.512953
55118-04,8087524100.39044
55120-12,4406286300.272117
55123-09,4716158181.22559
55126-06,6659785788.329373
55129-03,6172930936.037335
55131-12,7441571085.495409
55134-09,5603770010.239548
55137-06,7167184765.7436495
55140-02,2706422995.680256
55142-11,3473011455.187952
55145-08,4569102169.18569
55148-05,6517594938.246053
55151-02,6641171704.24242
55153-11,9403028764.707771
55156-08,12344992788.912497
55159-04,8651590672.468525
55162-01,8982418413.80114
55164-10,15824996078.60564
55167-07,17465307097.88407
55170-04,14291005743.897854
55173-01,10847330151.941006
55175-10,16476681071.24338
55178-06,10135945069.642626
55181-03,10264707987.594164
55183-12,13300424536.51492
55186-09,11760492716.33759
55189-06,6272099822.449624
55192-03,3591123573.1149583
55194-11,2403443392.0273013
55197-08,1397227639.2141378
55200-05,1380973402.9961202
55203-02,2407130888.034605
55205-11,2124533606.765556
55208-08,2519887866.2111588
55211-05,2808471938.6424427
55214-01,2203253311.777351
55216-10,860804237.452269
55219-07,1053600933.0676804
55222-04,2214361048.7823668
55225-01,1397141464.875036
55227-10,1721098539.066057
55230-07,1122713087.5561826
55233-03,691323748.9286413
55235-12,545324518.6860753
55238-09,913915923.6951956
55241-06,1955300943.1708305
55244-03,2046078278.0821176
55246-12,1863497606.1415305
55249-09,1571091101.1299677
55252-05,2323267494.38023
55255-02,772211097.614016
55257-11,801322926.1525651
55260-08,1675287761.4330356
55263-05,1861001491.9786973
55266-02,2541283888.3034472
55268-11,2198854031.424746
55271-07,2164667611.9354606
55274-04,989379475.3218232
55277-01,959389698.7572552
55279-10,1458406515.6404212
55282-07,1446329375.242731
55285-04,3719701461.909163
55288-01,2784859692.36462
55290-09,1590683771.668198
55293-06,599466910.0466621
55296-03,1172155267.8761897
55298-12,1828221138.95444
55301-09,1441733922.0116444
55304-06,1845961218.843244
55307-03,1233816136.1606576
55309-11,1709786814.901134
55312-08,1429517892.7805023
55315-05,865838535.326382
55318-02,1903052694.6684127
55320-11,1106923908.3058467
55323-08,1971173412.435502
55326-05,1295799109.011004
55329-01,1777052127.7310932
55331-10,612062852.0866882
55334-07,580801698.0002693
55337-04,1104633264.1315742
55340-01,900273404.6010331
55342-10,1159714527.6352637
55345-07,1330745572.694637
55348-03,772864757.1633048
55350-12,389225653.7451669
55353-09,575213570.2794422
55356-06,709594996.7242744
55359-03,1054565781.6023751
55361-12,1442636235.4543552
55364-08,984117789.7017612
55367-05,932817724.59401
55370-02,403337263.0344908
55372-11,1205762341.9704952
55375-08,1182678581.634669
55378-05,908653906.0072744
55381-02,1265952178.7798684
55383-10,1055132509.8658342
55386-07,983857061.640842
55389-04,450588672.4704081
55392-01,523747237.4389696
55394-10,1722665798.09203
55397-07,1797636024.0812123
55400-04,1589291467.5372326
55402-12,823023638.236875
55405-09,741158215.0539023
55408-06,1673795235.4008925
55411-03,776111471.8669971
55413-12,773303698.8633221
55416-09,1068985236.5126554
55419-06,1152808416.919793
55422-02,1224436974.8502872
55424-11,1335158158.639614
55427-08,738491809.8811625
55430-05,571013013.8553362
55433-02,954193987.2948112
55435-11,1912797983.5310051
55438-08,3210301129.3662906
55441-04,1775822103.7632556
55444-01,2265077496.195469
55446-10,933244397.704002
55449-07,926316644.4167664
55452-04,1367837657.5451825
55455-01,1306206257.0193572
55457-10,1224103637.6132562
55460-06,1107940389.9242406
55463-03,2726355505.5063505
55465-12,533859338.1325383
55468-09,711031423.4334425
55471-06,1352635339.5043936
55474-03,1028794008.5245212
55476-12,1013694790.31705
55479-08,2181763648.99527
55482-05,1027461795.2332093
55485-02,395759717.57242787
55487-11,465781514.2589476
55490-08,1254289037.7420728
55493-05,868966244.2412691
55496-01,1166497472.4331727
55498-10,2194927210.224416
55501-07,1869443273.7476244
55504-04,427921094.3021783
55507-01,477189328.0072937
55509-10,929647644.243343
55512-07,897157095.477411
55515-04,769254865.285115
55517-12,1125950643.7116497
55520-09,713123417.7612139
55523-06,437785700.3396102
55526-03,548940321.0915866
55528-12,1162562413.8190153
55531-09,629531351.1145664
55534-06,995569172.1396836
55537-02,659594157.3443576
55539-11,702705076.837866
55542-08,318276733.8766431
55545-05,459830379.6509824
55548-02,663025204.2072345
55550-11,1299160215.077924
55553-07,1419729744.649752
55556-04,773302705.4947629
55559-01,686643453.3930904
55561-10,338478560.12182474
55564-07,383209498.87775046
55567-04,899492595.6812717
55570-01,1352934531.6659672
55572-09,1130396850.0974116
55575-06,692863472.0877249
55578-03,607176051.3015367
55580-12,263949405.54340288
55583-09,326264625.2296824
55586-06,924613476.681799
55589-03,806683957.3100157
55591-11,959870747.0063144
55594-08,2755821274.340605
55597-05,1834219523.699404
55600-02,680623880.8247553
55602-11,497880752.23011583
55605-08,788205156.3215923
55608-05,886782344.160293
55611-01,1156326251.922411
55613-10,792966965.8982657
55616-07,722611079.1898074
55619-04,261041530.4758038
55622-01,315548363.0193776
55624-10,591008939.17657
55627-07,2023326050.758479
55630-03,969086451.1625257
55632-12,1360373186.0116708
55635-09,1059444591.7097496
55638-06,419812969.94685984
55641-03,453100690.1021077
55643-12,563532890.5699993
55646-09,548893707.6002005
55649-05,700763180.8011677
55652-02,718923008.9071183
55654-11,754184537.1096923
55657-08,284109473.8075783
55660-05,483577459.20553446
55663-02,1057371884.6697066
55665-10,1464393036.9616623
55668-07,825437881.4687591
55671-04,1015267319.7730224
55674-01,695203258.0004445
55676-10,370889866.4592735
55679-07,344703727.5601071
55682-04,1158780347.6253047
55684-12,981539255.55962
55687-09,927206075.9626272
55690-06,920768143.3513128
55693-03,484331618.9485319
55695-12,250873957.3886738
55698-09,416368301.3736848
55701-06,688252596.3809944
55704-03,485217905.0421048
55706-11,918797815.048481
55709-08,1193420040.1309185
55712-05,767827314.931909
55715-02,345406056.6806953
55717-11,674657121.9944204
55720-08,1600944483.4902065
55723-05,794301815.4265021
55726-01,820421385.2557852
55728-10,849415594.0472504
55731-07,1052864393.8176136
55734-04,372820279.52314305
55737-01,549839951.4800811
55739-10,870014634.3621609
55742-06,626258724.2775784
55745-03,1007065585.9346406
55747-12,626909068.3868717
55750-09,647553796.3580662
55753-06,280059019.0534013
55756-03,412673965.3439348
55758-12,2210785548.236096
55761-08,1090741746.4830873
55764-05,914773525.152758
55767-02,1023984017.0322788
55769-11,1753411192.551091
55772-08,821964508.4353629
55775-05,683854827.8969324
55778-02,2941620022.8651876
55780-10,3933194868.1611967
55783-07,1888210825.6063824
55786-04,1363077907.10912
55789-01,1096889423.419842
55791-10,575936523.347353
55794-07,711652985.1790963
55797-04,1159771907.642105
55799-12,1125442444.4884882
55802-09,1856348820.479453
55805-06,1686141698.092171
55808-03,1347962831.5658624
55810-12,639958598.4198353
55813-09,859350974.0014893
55816-06,782427702.2653205
55819-02,1358031361.1978528
55821-11,1185492160.4927278
55824-08,3033417922.7826815
55827-05,1605069174.524103
55830-02,851924612.7339427
55832-11,655570813.1382711
55835-08,1208037462.3041444
55838-04,1639130785.08681
55841-01,1963249656.5094736
55843-10,1744503339.0151725
55846-07,1391225051.1923273
55849-04,624434069.5256634
55852-01,781531839.4371592
55854-10,1343722642.386475
55857-06,1756747495.981855
55860-03,1657141022.427348
55862-12,888826648.8541473
55865-09,1688715728.079148
55868-06,430165251.7609749
55871-03,797321193.5893991
55873-11,1112557435.276792
55876-08,1414360251.6823456
55879-05,1252586505.66259
55882-02,934491058.960814
55884-11,1669750777.6239817
55887-08,1043421976.7660652
55890-05,1059860641.0494444
55893-01,3285736844.1408806
55895-10,2890205389.490126
55898-07,2256979505.594805
55901-04,2046945851.8836448
55904-01,1875581755.4469104
55906-10,1096487106.5648336
55909-07,830485162.5569534
55912-03,3205540835.5114336
55914-12,1773961284.3375635
55917-09,1919703389.48488
55920-06,1798740625.30166
55923-03,1416898938.5099788
55925-12,1020469627.8857332
55928-09,1161963642.9627964
55931-05,1936003306.0825727
55934-02,1747830242.4615936
55936-11,2115813869.7796192
55939-08,1514529919.1877794
55942-05,1436074497.5128598
55945-02,722943825.3332176
55947-11,1093460634.889423
55950-07,1172053386.5109816
55953-04,1746333612.3049452
55956-01,1554082990.052276
55958-10,1508408742.378081
55961-07,1803086285.2465773
55964-04,964875790.984935
55967-01,1001519241.5559056
55969-09,1169995682.0280015
55972-06,2944331821.823076
55975-03,3507104563.7442317
55977-12,2095095359.493635
55980-09,2100953924.3687155
55983-06,781212883.4916061
55986-03,1014635096.124148
55988-11,3298772150.681508
55991-08,3251442072.8083963
55994-05,4123809481.712767
55997-02,4105139605.028302
55999-11,3827483735.576057
56002-08,1547370611.5531662
56005-05,1202212782.257693
56008-01,1718982911.1081028
56010-10,1931947150.0590703
56013-07,1419888430.9228892
56016-04,1839426541.2635791
56019-01,1993846466.538752
56021-10,662768008.1509343
56024-07,489151571.0309043
56027-03,2247452153.795433
56029-12,2275851990.6468267
56032-09,1569704923.830749
56035-06,1238813296.1526136
56038-03,1951700659.289807
56040-12,678418702.3509445
56043-08,1154365891.668259
56046-05,1343462280.3618684
56049-02,1633251085.6713598
56051-11,1711665577.0530822
56054-08,1497121440.644002
56057-05,1277919437.2905612
56060-02,518775350.03360087
56062-10,730999557.7083682
56065-07,1262620640.5407171
56068-04,1061049582.6002768
56071-01,1496013692.382922
56073-10,2042912128.1517663
56076-07,3453043306.420976
56079-04,1176079377.6922762
56081-12,1443314885.7714052
56084-09,2898220863.0181804
56087-06,2745025370.067447
56090-03,2919604456.723313
56092-12,2802825737.992016
56095-09,1965003863.9713345
56098-06,1319908544.9790893
56101-02,1139209588.4334626
56103-11,1539600521.6007729
56106-08,2574874999.378717
56109-05,2210278288.725095
56112-02,1820949707.158534
56114-11,1559143576.8296163
56117-08,847793393.571868
56120-04,966951114.4504628
56123-01,2710403072.980595
56125-10,3795949115.224932
56128-07,7162581994.48574
56131-04,4872212871.27608
56134-01,2956537377.9660296
56136-10,1582566973.834093
56139-06,1804536272.9443457
56142-03,5568877537.081252
56144-12,8674526591.287142
56147-09,5197743036.597276
56150-06,3548088039.273608
56153-03,5044395324.399055
56155-12,1355964036.909299
56158-08,2659307501.094578
56161-05,5352704377.618805
56164-02,4909667978.559338
56166-11,3829764501.253793
56169-08,5132189849.096632
56172-05,7065279917.872112
56175-01,3788544202.884856
56177-10,3322963634.2425127
56180-07,3768277912.4189186
56183-04,6484805948.535394
56186-01,5769770052.062583
56188-10,3551223142.9644165
56191-07,3310481978.1076455
56194-04,1706152172.6316135
56196-12,2059312948.6486876
56199-09,3679964073.811213
56202-06,2738537345.33588
56205-03,3426458581.943343
56207-12,2500571208.002628
56210-09,1779608477.3224535
56213-06,954555919.6855744
56216-02,1367523707.261245
56218-11,2876486469.465523
56221-08,4750030717.922425
56224-05,2630556596.135929
56227-02,2795469450.572386
56229-11,2555458935.236009
56232-07,1373131967.764819
56235-04,1496213373.1855776
56238-01,3270853309.662943
56240-10,2749007421.6421075
56243-07,2901564970.815804
56246-04,2247473274.6162577
56249-01,3843551585.3212743
56251-09,4614468627.809045
56254-06,3946124834.6970353
56257-03,3398072231.5612235
56259-12,3355338198.446913
56262-09,3128625247.4738536
56265-06,2726741448.8868027
56268-03,4419893235.183287
56270-11,1486949581.439479
56273-08,1254396628.1531763
56276-05,2071690434.976552
56279-02,1502139968.7198815
56281-11,2195714861.657656
56284-08,2007704069.2622728
56287-05,1736631357.3537388
56290-01,1320337707.787116
56292-10,1078450016.4732296
56295-07,1765038324.6837213
56298-04,3372142467.432252
56301-01,4705572361.7402
56303-10,2778840305.0505786
56306-07,2658193708.347904
56309-03,1547468697.8765795
56311-12,1182572239.5306184
56314-09,2218131198.4661326
56317-06,1624531631.592377
56320-03,1623561041.1255188
56322-12,1895849912.7734752
56325-09,2255550468.413852
56328-05,814928013.4573288
56331-02,781041632.4623835
56333-11,2041896626.6108148
56336-08,1800171876.1676652
56339-05,2794259631.8910465
56342-02,2045507646.829385
56344-11,1745971822.3447456
56347-07,967145944.6835316
56350-04,1204989222.8768687
56353-01,3485474763.7522936
56355-10,3509345769.233608
56358-07,1931700812.3032143
56361-04,2766790260.7886024
56364-01,1906438696.7156007
56366-09,837339788.9838961
56369-06,818914878.9908898
56372-03,1604722197.8374028
56374-12,2224860225.799223
56377-09,1573095221.6483984
56380-06,1945001081.521587
56383-03,1812659052.2496767
56385-11,598305207.9932046
56388-08,1046827665.3829312
56391-05,2047757076.2268355
56394-02,2069902136.99324
56396-11,2040073765.86764
56399-08,1551467659.1542966
56402-05,2507250591.3329787
56405-01,678267390.5310388
56407-10,687344656.0725566
56410-07,1192466549.969123
56413-04,2793799020.4691243
56416-01,2550285139.184372
56418-10,1958897960.917292
56421-06,1884451554.428285
56424-03,758175888.0283372
56426-12,624653672.6138575
56429-09,1812061226.756565
56432-06,2755141806.03109
56435-03,1307731953.9545314
56437-12,1584896152.16637
56440-08,1665541539.708616
56443-05,470027247.3402083
56446-02,526848525.0029452
56448-11,3180853460.924751
56451-08,1914901308.84587
56454-05,1381716993.355492
56457-02,1126705164.782892
56459-10,1519872032.026636
56462-07,701345872.4881144
56465-04,1070250012.5446604
56468-01,1550980813.6701343
56470-10,1160792332.6175597
56473-07,1945901232.9066567
56476-04,3168619756.2436485
56478-12,4515040083.536514
56481-09,1235398733.4357028
56484-06,1094135752.4528687
56487-03,2699942701.375511
56489-12,1592351321.655387
56492-09,1452293495.6501489
56495-06,1728929618.0583844
56498-02,1360201319.0761504
56500-11,900429281.1482327
56503-08,1273562988.611176
56506-05,2435540879.028933
56509-02,2725231969.2884507
56511-11,1922412273.0882096
56514-08,1449872437.6497972
56517-04,2331517674.368659
56520-01,961878801.8482212
56522-10,1465757867.9747431
56525-07,1448418369.8467095
56528-04,2088544473.323508
56531-01,1526490826.466997
56533-10,2266419771.224864
56536-06,1630839588.6966548
56539-03,2162335067.0234175
56541-12,736755676.1377451
56544-09,2499265962.0914555
56547-06,1533270724.799421
56550-03,1489443332.5960116
56552-11,2270877792.65868
56555-08,2469588785.6981573
56558-05,1711555901.18011
56561-02,1874490041.5437355
56563-11,8580928177.429902
56566-08,3119018848.329888
56569-05,2490553853.602583
56572-01,2836312292.431818
56574-10,1878350555.512264
56577-07,607372221.2460399
56580-04,1152081498.1567774
56583-01,2186851067.316586
56585-10,1668247896.8477187
56588-07,1705464263.5058649
56591-03,2194915865.052229
56593-12,1614654900.3332715
56596-09,457737705.7722839
56599-06,813166580.7264851
56602-03,1336287900.197634
56604-12,1890620149.79102
56607-09,1682529555.0960548
56610-05,1288544247.9560175
56613-02,2375916932.7935486
56615-11,1015774255.1740764
56618-08,789935122.9930241
56621-05,1238341818.4320166
56624-02,2158144642.992993
56626-11,2183054412.974087
56629-07,1617931684.258576
56632-04,1680918972.4658496
56635-01,519849184.86904466
56637-10,1202176847.3910584
56640-07,1333092369.4465687
56643-04,1335076815.8599248
56646-01,2027630870.1796756
56648-09,1577770853.1007974
56651-06,2988914918.924334
56654-03,905693342.5898322
56656-12,885743172.9184759
56659-09,1809715390.0493293
56662-06,1349365460.0900574
56665-03,1875738697.3784156
56667-11,1802848638.0757017
56670-08,1760671733.5492997
56673-05,728527024.3416963
56676-02,822410872.3906957
56678-11,1543273198.7027452
56681-08,1983378424.775704
56684-05,2174000496.820776
56687-01,2153175931.173872
56689-10,1611195963.9908044
56692-07,528657852.3183024
56695-04,897477338.3735126
56698-01,1531015038.368027
56700-10,1472720338.8562915
56703-07,1135250828.2732148
56706-03,1831204595.9448967
56708-12,1448852210.3602211
56711-09,600118483.1222521
56714-06,547980013.7152303
56717-03,1920250261.744216
56719-12,2723672081.8326254
56722-09,1928377637.836784
56725-05,1590773866.8074436
56728-02,1311145630.5020497
56730-11,484588468.3419123
56733-08,555669634.4773513
56736-05,1646315506.5791943
56739-02,1230076253.818657
56741-10,1234778807.5932417
56744-07,1445604381.9363792
56747-04,1462219576.849865
56750-01,686978508.9887543
56752-10,746564374.2082387
56755-07,2450094472.8135448
56758-04,2894021862.319518
56760-12,2024560410.1062677
56763-09,1702164439.5654595
56766-06,1959735899.8769648
56769-03,559628628.9613105
56771-12,854082429.8105861
56774-09,2130833593.5466976
56777-06,1654285791.6605556
56780-02,1695101430.9187465
56782-11,1526736320.912938
56785-08,2320667435.293254
56788-05,792887047.147892
56791-02,585006148.4704809
56793-11,2005105729.8174448
56796-08,3602465986.8917575
56799-04,1941210537.2882867
56802-01,2091144977.4946847
56804-10,2677358022.00497
56807-07,731232427.6311549
56810-04,1709666206.4062023
56813-01,2033902307.002776
56815-10,2310418908.069922
56818-06,7702283270.25801
56821-03,3391796661.9719553
56823-12,2784449097.5315185
56826-09,1294709001.60289
56829-06,4905441473.900737
56832-03,6944268709.942721
56834-12,8540084566.279819
56837-08,7790928962.043038
56840-05,5073860815.928665
56843-02,4276238971.181429
56845-11,2067958511.9048476
56848-08,2153871724.810395
56851-05,4239909950.6618943
56854-01,4025108502.8496137
56856-10,3950932314.6460686
56859-07,6722807908.325656
56862-04,4555536773.363205
56865-01,2431609866.329514
56867-10,3034172011.951788
56870-07,4883444806.322194
56873-04,5370918648.818167
56875-12,3894358511.6175647
56878-09,2749861591.2596097
56881-06,2690451030.634288
56884-03,1402672950.6998208
56886-12,1641327626.6062205
56889-09,3646639621.737588
56892-05,3413995542.018656
56895-02,4241994533.7861056
56897-11,11048002942.149933
56900-08,4456641685.364444
56903-05,1487953846.838546
56906-02,1459576946.402151
56908-11,5283626995.705648
56911-08,4988660195.092429
56914-04,3745703763.01845
56917-01,2949462583.8661704
56919-10,2203903393.0741005
56922-07,1441594367.0463192
56925-04,2290462903.8357916
56928-01,4364964400.634553
56930-09,3103833327.7751064
56933-06,5194263316.259237
56936-03,5487546517.707753
56938-12,6022845238.832326
56941-09,2296232055.195926
56944-06,1857819866.3604
56947-03,3100007213.494563
56949-11,2287214424.706476
56952-08,1426143976.0493636
56955-05,2049123567.3867724
56958-02,2528567849.779461
56960-11,794651624.8349556
56963-08,1278370863.9768472
56966-05,2573126059.769478
56969-01,1845718801.922704
56971-10,975444194.1379983
56974-07,2118411852.6812797
56977-04,1486610768.5907917
56980-01,881223751.6353604
56982-10,793931715.9546323
56985-07,2540561688.7771435
56988-03,3170421659.717236
56990-12,3205849081.112962
56993-09,3217669887.2453976
56996-06,2962085343.2837043
56999-03,665685994.93301
57001-12,813278829.6583949
57004-09,3930666134.3474574
57007-05,2676048470.3569503
57010-02,3006242382.886794
57012-11,2765162040.639799
57015-08,4040993985.475047
57018-05,2521522119.379525
57021-02,4513423971.410253
57023-11,9398787064.320717
57026-07,4768512258.156501
57029-04,2331144640.658579
57032-01,5610760848.131639
57034-10,2483818574.373748
57037-07,949511531.3578016
57040-04,1024352365.4715524
57043-01,5092886322.829245
57045-09,2253977324.0362086
57048-06,2380383694.772136
57051-03,2038112603.5126407
57053-12,2282174002.1952176
57056-09,1250354228.2372296
57059-06,3412084312.583628
57062-03,7228589180.711621
57064-11,3989698644.2649302
57067-08,2562342153.829685
57070-05,2289071921.21756
57073-02,3107592434.6738343
57075-11,977040267.5158632
57078-08,1359495152.3107977
57081-05,1999112052.6687863
57084-01,1806534846.3863196
57086-10,2800142168.3943653
57089-07,1916988246.3921185
57092-04,1768073218.8690157
57095-01,717245393.778092
57097-10,794694242.2949731
57100-07,1584593526.1754675
57103-03,2223994802.892005
57105-12,1576817572.1032505
57108-09,1663386824.7315507
57111-06,3143975917.573464
57114-03,1087077133.8226364
57116-12,1044392011.791024
57119-08,2981809595.445377
57122-05,6962982500.904473
57125-02,4898429925.6364765
57127-11,3618738891.222162
57130-08,6806705236.690679
57133-05,2194003507.852643
57136-02,4972549515.788669
57138-10,5321123743.471923
57141-07,4704901219.590436
57144-04,3400243670.304976
57147-01,3105145628.399399
57149-10,5097554826.613158
57152-07,1119358968.6520057
57155-04,2173552660.4544797
57157-12,3834924947.7581854
57160-09,3927000827.110792
57163-06,2638600996.825396
57166-03,2260870111.239389
57168-12,2244729595.541172
57171-09,953445671.8337504
57174-06,1468056556.296723
57177-02,1437716814.0468738
57179-11,1450813055.479726
57182-08,2375813941.943763
57185-05,1885241921.155652
57188-02,1005135519.2560016
57190-11,456235443.80165213
57193-08,718692319.1499039
57196-04,2636765917.9518437
57199-01,1979571590.8982935
57201-10,1606406955.5864637
57204-07,1487968807.7079022
57207-04,2309946560.6641135
57210-01,970199917.9868716
57212-10,816584795.5288126
57215-06,1696009191.0809648
57218-03,1698895702.575468
57220-12,3417279759.8307643
57223-09,2259299724.8643928
57226-06,2739842666.426737
57229-03,779626577.9013437
57231-12,2239085051.1529646
57234-08,6084614024.150647
57237-05,2775277777.102461
57240-02,5980231256.222496
57242-11,2690294353.8478427
57245-08,2830363945.1787524
57248-05,1557403252.9267516
57251-01,2086106375.4392557
57253-10,2429132805.081529
57256-07,1780972414.3956006
57259-04,1753910031.2009242
57262-01,1161659427.386263
57264-10,552648483.6474872
57267-07,823222752.2842493
57270-03,685253644.8918362
57272-12,2773299591.467066
57275-09,3967785064.1281695
57278-06,2560279933.947952
57281-03,1811120137.314679
57283-12,2596877713.640173
57286-09,889627361.8414446
57289-05,1052334792.1866188
57292-02,2092532996.5551715
57294-11,1607154803.4675474
57297-08,1664825670.9831252
57300-05,2053857614.2732673
57303-02,1446387651.5840576
57305-11,935906144.9651498
57308-07,1053542403.8531588
57311-04,1626999380.1759968
57314-01,1526847764.5636685
57316-10,1611730124.5924544
57319-07,3508645830.5650144
57322-04,2847518447.981513
57325-01,1588386278.502415
57327-09,1873381777.2124252
57330-06,3242348937.383069
57333-03,2197244118.1523666
57335-12,1704708279.3884108
57338-09,1850183474.529204
57341-06,1628832372.324148
57344-03,1160418362.950618
57346-11,2262214972.0749383
57349-08,3150324504.5954514
57352-05,2509102444.6695986
57355-02,4914709514.320026
57357-11,3509432834.573417
57360-08,3469704446.390405
57363-05,1819958819.7748585
57366-01,1904366455.425858
57368-10,1605578282.1079032
57371-07,2327603851.1192646
57374-04,1689136748.513031
57377-01,2128639017.5081615
57379-10,2493078549.591861
57382-07,1174000801.507038
57385-03,1016188486.9505996
57387-12,1409004206.9863732
57390-09,1402493746.5993218
57393-06,1476928482.368878
57396-03,2301567892.5305448
57398-12,1642382404.935575
57401-09,877915380.954823
57404-05,850887129.4282976
57407-02,2154922022.221173
57409-11,1867620550.1921728
57412-08,1434884639.7506304
57415-05,1908309274.086835
57418-02,2735461890.6929703
57420-10,925568614.1784064
57423-07,754596887.8748003
57426-04,1599849840.7325244
57429-01,1883173484.8991
57431-10,1461383024.362209
57434-07,803402575.962045
57437-04,1714411911.0114017
57439-12,1144829784.7306418
57442-09,2892695407.808688
57445-06,2836166831.044449
57448-03,1543451113.4563613
57450-12,1789545470.94629
57453-09,1136093974.6816015
57456-06,1308420348.9100096
57459-03,352025390.60311353
57461-11,736708189.9495683
57464-08,1050407152.345058
57467-05,1117432945.8926363
57470-02,1915699005.8772895
57472-11,1429459048.6383262
57475-08,1276215111.668365
57478-04,403928702.1967476
57481-01,700733299.51122
57483-10,1020848316.053704
57486-07,1000112813.4398944
57489-04,1902054744.194924
57492-01,2826460280.445224
57494-10,3039521803.027247
57497-06,993093353.4068904
57500-03,1132096857.0116916
57502-12,3299746181.077073
57505-09,3755258445.553272
57508-06,2023850383.7234876
57511-03,1869114355.1231644
57513-12,2367355518.470308
57516-08,783327898.4969696
57519-05,1528864683.816082
57522-02,2020783266.9633648
57524-11,2481252763.6519103
57527-08,1722126986.886661
57530-05,1873181653.2018075
57533-02,4456778786.620494
57535-10,823629079.7493103
57538-07,1107883542.1607983
57541-04,1655882235.896518
57544-01,1788682083.6856463
57546-10,1832696878.2229855
57549-07,2002870016.7022424
57552-04,2810268577.1513696
57554-12,1301882737.326722
57557-09,841090034.1542541
57560-06,1109938874.0629709
57563-03,1371861747.1466167
57565-12,1118028732.8589184
57568-09,1564454297.836927
57571-06,1172199778.7242548
57574-02,1111837601.7023723
57576-11,1694198747.8718708
57579-08,3194611530.5410695
57582-05,1992762473.5852575
57585-02,2811581348.3874574
57587-11,3359128391.1085243
57590-08,1607609329.685101
57593-04,751719391.7723638
57596-01,695629197.9038073
57598-10,2053814085.4717772
57601-07,2065010895.8584664
57604-04,1776149566.1247735
57607-01,1227373788.615563
57609-09,2656625122.2777863
57612-06,1308825428.0143583
57615-03,2411284606.189176
57617-12,2805570653.6310234
57620-09,2033437347.4999392
57623-06,1493774927.1908317
57626-03,1250788481.9453218
57628-11,2475492492.5775294
57631-08,1160666772.7387524
57634-05,1031806894.3513318
57637-02,1742516638.781135
57639-11,2042681451.9016385
57642-08,1313762617.3436644
57645-05,1349031325.5320847
57648-01,2413132200.623325
57650-10,552785936.5434699
57653-07,630447950.1588689
57656-04,1295903862.4649603
57659-01,1721465997.906366
57661-10,1978834750.2223115
57664-07,1562241144.956541
57667-03,1772122269.5018637
57669-12,957724220.6497612
57672-09,775762364.9685991
57675-06,1522648235.2235153
57678-03,1265779287.5169268
57680-12,1946083704.6217456
57683-09,1367513347.486509
57686-05,1045792401.4532388
57689-02,541264273.2416894
57691-11,521299751.1504096
57694-08,2348872511.6988754
57697-05,1383869800.273703
57700-02,1394470628.502582
57702-11,2356639689.9252143
57705-07,1557098915.9392595
57708-04,601947588.9970765
57711-01,832254944.3203354
57713-10,1755247635.871136
57716-07,1710713267.1300955
57719-04,2332096981.265933
57722-01,2349861127.3445807
57724-09,2907381076.681319
57727-06,1002272903.3446472
57730-03,2730817470.939564
57732-12,2428828952.2653184
57735-09,2657405799.8705487
57738-06,2084842842.4416163
57741-03,2621438087.566733
57743-11,7349750905.041157
57746-08,3961069473.231136
57749-05,3638546528.740156
57752-02,2591831660.985749
57754-11,3578140778.8084984
57757-08,2569639641.3527684
57760-05,3277596494.7619195
57763-01,4022645635.221202
57765-10,1189002999.143113
57768-07,1670074079.5802343
57771-04,2119912185.5934684
57774-01,4114477849.9320545
57776-10,3090291706.4439816
57779-07,1924582289.4113936
57782-03,1662806764.9533324
57784-12,714201332.9751225
57787-09,1525108635.874829
57790-06,2470872744.548968
57793-03,1772753529.8642745
57795-12,2356715986.5335455
57798-08,2827221287.422797
57801-05,2361590437.9414105
57804-02,812389216.4346799
57806-11,1336870531.1415012
57809-08,3076006652.001568
57812-05,5197697635.212413
57815-02,3454273922.7003846
57817-10,2641767846.305827
57820-07,3251112979.3058844
57823-04,1267165565.37527
57826-01,1687020822.3668208
57828-10,2400141664.389342
57831-07,2532279071.0069213
57834-04,2108514405.260877
57836-12,3654698026.540381
57839-09,4566085156.747207
57842-06,1449074019.067485
57845-03,2261295524.8173394
57847-12,3674562070.238606
57850-09,3641033186.3004575
57853-06,2925773651.2559576
57856-02,3548950335.0984216
57858-11,6061348756.341564
57861-08,1197657354.9690385
57864-05,1708685030.2798696
57867-02,2150393686.9203186
57869-11,1708989000.038937
57872-08,1916851896.6699688
57875-04,1535778106.578708
57878-01,1721418035.0795596
57880-10,673725652.9787655
57883-07,884051773.1655338
57886-04,2977024047.2231607
57889-01,2519515177.662365
57891-10,2386223626.8613906
57894-06,1836645629.33462
57897-03,1788436983.8106546
57899-12,753420679.8063259
57902-09,1167866486.8455212
57905-06,1436920018.893613
57908-03,1956261065.6071732
57910-12,1758773276.2478049
57913-08,1814322119.065849
57916-05,1521683425.5648005
57919-02,532250544.59040153
57921-11,839079130.8378651
57924-08,1732823429.5017283
57927-05,1604673428.6527836
57930-01,1733348496.6703594
57932-10,2204223872.6696463
57935-07,1863236625.932864
57938-04,451919022.72775954
57941-01,629720971.7866651
57943-10,1310235631.747926
57946-07,1219899607.2677548
57949-04,797460526.4738462
57951-12,622970453.6497648
57954-09,1616722115.636646
57957-06,391274205.274436
57960-03,390327299.1502763
57962-12,1762011993.0377953
57965-09,1155016404.4786751
57968-05,1019746835.2795268
57971-02,552991635.2911001
57973-11,1558958860.8870876
57976-08,635514773.6093655
57979-05,952160980.5212084
57982-02,1927455243.548076
57984-11,1728045542.2983751
57987-07,1311906952.9749737
57993-01,1416907180.1870482
57995-10,281321375.4802981
57998-07,497245863.9319499
58001-04,1479964862.2693062
58004-01,2149770801.117704
58006-09,2201535821.648615
58009-06,2093008182.8437335
58012-03,1064019408.0772512
58014-12,408161941.6719079
58017-09,654773743.2677119
58020-06,1326770336.049047
58025-11,1837708115.359704
58028-08,969910623.3559886
58031-05,1248772265.678843
58034-02,378464146.0918812
58036-11,1264233689.8415809
58039-08,1560135758.989215
58042-05,1160026853.5895033
58045-01,1283919840.851472
58047-10,2610381587.9100037
58050-07,2918624066.4818316
58053-04,3155264093.623044
58056-01,1974920557.0473864
58058-10,3260752444.46133
58061-07,2986903008.574792
58064-03,2852834631.5391464
58066-12,7198745594.280694
58069-09,6134056670.6115055
58072-06,3058983879.069153
58075-03,1510003758.6528418
58077-12,2038959539.4209776
58080-08,1408623623.359925
58083-05,1930513947.5441144
58086-02,1622162145.3342068
58088-11,1371286022.3300548
58091-08,1260259314.3600264
58094-05,1545094572.1368144
58097-02,1062797918.2535973
58099-10,1117987651.294812
58102-07,1040493524.6521236
58105-04,968863572.7821528
58108-01,2378079150.5678477
58110-10,547592078.8471988
58113-07,553613335.5774136
58116-04,2158158656.1215167
58118-12,1469512159.7199354
58121-09,2064089702.8444352
58124-06,1404774665.564561
58127-03,1412033823.5619729
58129-12,1462864408.2615664
58132-09,1545783742.9062
58135-06,2164578841.845917
58138-03,1691848669.9430182
58140-11,3202864447.6324606
58143-08,1917514690.3878336
58146-05,1574601198.874888
58149-02,861729861.8530488
58151-11,1447522160.3154547
58154-08,1967622051.44968
58157-04,2292525621.4405203
58160-01,1911300596.234168
58162-10,1540745224.5101063
58165-07,2591768526.2961473
58168-04,921308630.9462768
58171-01,1007334955.2436514
58173-10,2095859511.564864
58176-06,1825976731.3326728
58179-03,1692949838.9777424
58181-12,1566573949.8604126
58192-12,1980755169.231694
58195-08,1455361229.2099645
58201-02,1447699734.3398397
58203-11,1917318222.709913
58206-08,762676255.4470605
58209-05,667003517.6059871
58212-02,1234617690.8920753
58214-10,1490168487.4548745
58217-07,1301708227.0745244
58220-04,1349223461.5270572
58223-01,763535606.9777882
58225-10,494932017.4232442
58228-07,791661977.3234502
58231-04,1408020173.0961628
58233-12,1649637855.842697
58236-09,1418484188.0521238
58239-06,1300323816.009336
58242-03,1259195636.055663
58244-12,662437113.7096702
58247-09,962825891.8165911
58250-06,1753370318.1841662
58258-08,1274894123.7496114
58261-05,1987343208.84067
58264-02,698008567.9340073
58266-11,854915370.4407915
58269-08,1280503914.3710752
58272-04,1132118272.5583112
58275-01,1543732085.5463338
58277-10,1321349698.354246
58280-07,986932564.6001964
58283-04,440684004.3451535
58286-01,621991973.4848
58288-09,1247833550.0841925
58291-06,1010412673.5550212
58294-03,1399735858.345528
58296-12,790584591.6891539
58299-09,1347837835.9195642
58302-06,482238389.4494098
58305-03,584294330.4516287
58307-12,2074174850.511439
58310-08,1374319029.230936
58313-05,1535650624.7612484
58316-02,1300766382.102334
58318-11,1278566045.4172618
58321-08,607596225.98642
58324-05,977223714.2634743
58327-01,1053193670.8757555
58329-10,1000180167.4406768
58332-07,1184929842.8688238
58335-04,1590656475.0187972
58338-01,1387152674.368868
58340-10,949890656.658851
58343-07,658061481.644852
58346-03,1439862031.891971
58348-12,846904378.3078035
58351-09,873091271.471635
58370-11,1270680262.9088244
58379-02,553989386.1115208
58381-11,515907532.5891972
58384-07,1723958338.6828775
58403-09,1462563286.7512205
58409-03,986710883.5893748
