time,BTC_ETH_rollcorr90
49598-08-19,
49601-05-15,
49604-02-09,
49606-11-05,
49609-08-01,
49612-04-27,
49615-01-22,
49617-10-18,
49620-07-14,
49623-04-10,
49626-01-04,
49628-09-30,
49631-06-27,
49634-03-23,
49636-12-17,
49639-09-13,
49642-06-09,
49645-03-05,
49647-11-30,
49650-08-26,
49653-05-22,
49656-02-16,
49658-11-12,
49661-08-08,
49664-05-04,
49667-01-29,
49669-10-25,
49672-07-21,
49675-04-17,
49678-01-11,
49680-10-07,
49683-07-04,
49686-03-30,
49688-12-24,
49691-09-20,
49694-06-16,
49697-03-12,
49699-12-07,
49702-09-03,
49705-05-30,
49708-02-24,
49710-11-20,
49713-08-16,
49716-05-12,
49719-02-06,
49721-11-02,
49724-07-29,
49727-04-25,
49730-01-19,
49732-10-15,
49735-07-12,
49738-04-07,
49741-01-01,
49743-09-28,
49746-06-24,
49749-03-20,
49751-12-15,
49754-09-10,
49757-06-06,
49760-03-02,
49762-11-27,
49765-08-23,
49768-05-19,
49771-02-13,
49773-11-09,
49776-08-05,
49779-05-02,
49782-01-26,
49784-10-22,
49787-07-19,
49790-04-14,
49793-01-08,
49795-10-05,
49798-07-01,
49801-03-28,
49803-12-23,
49806-09-18,
49809-06-14,
49812-03-10,
49814-12-05,
49817-08-31,
49820-05-27,
49823-02-21,
49825-11-17,
49828-08-13,
49831-05-10,
49834-02-03,
49836-10-30,
49839-07-27,
49842-04-22,0.6715933103817299
49845-01-16,0.6621148615357255
49847-10-13,0.6613988054445926
49850-07-09,0.6627492772668814
49853-04-04,0.6781014657006675
49855-12-30,0.6801861512311421
49858-09-25,0.680354194460245
49861-06-21,0.6777086505379756
49864-03-17,0.6664433252883487
49866-12-12,0.6481762391946587
49869-09-07,0.6438345764989102
49872-06-03,0.6420702785014095
49875-02-28,0.6393468546940727
49877-11-24,0.6404122436222317
49880-08-20,0.6411831099602134
49883-05-17,0.641204952318115
49886-02-10,0.6338226052021103
49888-11-06,0.6338281088898556
49891-08-03,0.6101479889165164
49894-04-29,0.6039362158562627
49897-01-23,0.5978315512622097
49899-10-20,0.5119046319556231
49902-07-17,0.4461529066205554
49905-04-12,0.4185780209366456
49908-01-07,0.3981861387142919
49910-10-03,0.3929001559593465
49913-06-29,0.4207820956460592
49916-03-25,0.3688609317360967
49918-12-20,0.19698867399895523
49921-09-15,0.1278682095117687
49924-06-11,0.12143227644441396
49927-03-08,0.12260812472071742
49929-12-02,0.08585759123148896
49932-08-28,0.06783050506117036
49935-05-25,0.061912237958804336
49938-02-18,0.026179606538730596
49940-11-14,0.03487621520422203
49943-08-11,0.15942641842246924
49946-05-07,0.1562310646253652
49949-01-31,0.15023458956438737
49951-10-28,0.14649819859674967
49954-07-24,0.14649029242810485
49957-04-19,0.14668096799369082
49960-01-14,0.16155271696352302
49962-10-10,0.15807841955404944
49965-07-06,0.19547840413862236
49968-04-01,0.20995986003897252
49970-12-27,0.20515126769214762
49973-09-22,0.22754736143898063
49976-06-18,0.2260913902434674
49979-03-15,0.22626122260437298
49981-12-09,0.22495000987345695
49984-09-04,0.2254473443154908
49987-06-01,0.20299826270101656
49990-02-25,0.20164173986441888
49992-11-21,0.1801623618009027
49995-08-18,0.18431307416458217
49998-05-14,0.2123683979544491
50001-02-07,0.21725489306669693
50003-11-04,0.21848429591663301
50006-07-31,0.2251421445863222
50009-04-26,0.21799681870800497
50012-01-21,0.33043989488455994
50014-10-17,0.3316626571860924
50017-07-13,0.33658288221234783
50020-04-08,0.3381762350823565
50023-01-03,0.35316344422783463
50025-09-29,0.37206427860784214
50028-06-25,0.39282657861783893
50031-03-22,0.39517400610710995
50033-12-16,0.4000519940190857
50036-09-11,0.40046436140582686
50039-06-08,0.40028556186501624
50042-03-04,0.39993831550272685
50044-11-28,0.4011730203706492
50047-08-25,0.41176879501537034
50050-05-21,0.4351102314259687
50053-02-14,0.43824004297376856
50055-11-11,0.4514754720475304
50058-08-07,0.45757514028226015
50061-05-03,0.4592074004508968
50064-01-28,0.48362611909046976
50066-10-24,0.5155691040216666
50069-07-20,0.5241113602172289
50072-04-15,0.5274649303619046
50075-01-10,0.520659853099034
50077-10-06,0.5368904637110675
50080-07-02,0.5371160565347961
50083-03-29,0.5439272904460773
50085-12-23,0.5481967924344681
50088-09-18,0.5595578148467216
50091-06-15,0.5713810994794821
50094-03-11,0.5688505572972805
50096-12-05,0.569117357894207
50099-09-01,0.5684590827892668
50102-05-29,0.5720297356817428
50105-02-22,0.5713255414987339
50107-11-19,0.5689634582153636
50110-08-15,0.5772292102156397
50113-05-11,0.5867453261988143
50116-02-05,0.5933187699809036
50118-11-01,0.5958354227948905
50121-07-28,0.5962067049057335
50124-04-23,0.5976454306231316
50127-01-18,0.5992140126032139
50129-10-14,0.599709064608215
50132-07-10,0.5953950049550506
50135-04-06,0.5947250484775461
50137-12-31,0.5937241153143007
50140-09-26,0.5940832602758999
50143-06-23,0.595631574980332
50146-03-19,0.649184863995898
50148-12-13,0.6939450018469546
50151-09-09,0.708703251298153
50154-06-05,0.7186136698229602
50157-03-01,0.7284956426713501
50159-11-26,0.7199113760442092
50162-08-22,0.7533346103669409
50165-05-18,0.763878901017576
50168-02-12,0.7714854868192654
50170-11-08,0.777908313174561
50173-08-04,0.7828275016990021
50176-04-30,0.784791361294644
50179-01-25,0.7871925834241315
50181-10-21,0.7978569821511249
50184-07-17,0.7975581059427992
50187-04-13,0.7997811243691018
50190-01-07,0.7878054008547082
50192-10-03,0.787631546787158
50195-06-30,0.7881373250102373
50198-03-26,0.7910805843217903
50200-12-21,0.7958833231751196
50203-09-17,0.7959411644556711
50206-06-13,0.7956276103827267
50209-03-09,0.8023830027269095
50211-12-04,0.8001575587489673
50214-08-30,0.796881235763494
50217-05-26,0.7995879905682474
50220-02-20,0.7932117363743949
50222-11-16,0.7987081556832977
50225-08-12,0.8019228941399874
50228-05-08,0.8115538749270781
50231-02-02,0.8125922358382339
50233-10-29,0.8466276405214583
50236-07-25,0.8574387625437955
50239-04-21,0.8890676855041395
50242-01-15,0.893620841686403
50244-10-11,0.892897878800705
50247-07-08,0.9015436594781883
50250-04-03,0.9058504890535173
50252-12-28,0.906905770655929
50255-09-24,0.9115854774384603
50258-06-20,0.8981385583653968
50261-03-16,0.89806175125515
50263-12-11,0.8985672741515696
50266-09-06,0.8926068865064293
50269-06-02,0.8901003398802166
50272-02-27,0.886697666765027
50274-11-23,0.8833538986327273
50277-08-19,0.8832969084688281
50280-05-15,0.8851614406229205
50283-02-09,0.8874677464343702
50285-11-05,0.888077816967955
50288-08-01,0.8878908152956764
50291-04-28,0.8955430172413312
50294-01-22,0.8945594160548509
50296-10-18,0.8931454308728138
50299-07-15,0.8936639937835908
50302-04-11,0.8941492504638657
50305-01-05,0.8961188153210397
50307-10-02,0.8953572129908596
50310-06-28,0.8887175059371419
50313-03-24,0.8769617450857211
50315-12-19,0.872097816533692
50318-09-14,0.8722274275239946
50321-06-10,0.8719426797336972
50324-03-06,0.8655709087128332
50326-12-01,0.8676373335217556
50329-08-27,0.8663892296133778
50332-05-23,0.8633541946177016
50335-02-17,0.8632843805086594
50337-11-13,0.8588919347411649
50340-08-09,0.8636874117577158
50343-05-06,0.8642112894219246
50346-01-30,0.8699875176964685
50348-10-26,0.86785801728741
50351-07-23,0.8723061128445734
50354-04-18,0.8807862254092468
50357-01-12,0.8812709003786503
50359-10-09,0.8836766491286474
50362-07-05,0.8818659660918486
50365-03-31,0.883477442219386
50367-12-26,0.8835554089364401
50370-09-21,0.8870070987971198
50373-06-17,0.8821199314665537
50376-03-13,0.8828989226872286
50378-12-08,0.8867963587935404
50381-09-03,0.8885660757616443
50384-05-30,0.8928438997795224
50387-02-24,0.8930540553309552
50389-11-20,0.8920188806796753
50392-08-16,0.8940809018656374
50395-05-13,0.892192811670049
50398-02-06,0.8897031007068031
50400-11-02,0.8930521896040502
50403-07-30,0.8915088665891732
50406-04-25,0.8943081221040633
50409-01-19,0.9006733956462747
50411-10-16,0.9010910124633423
50414-07-12,0.8977008515322926
50417-04-07,0.8983903120048837
50420-01-02,0.9015922163501898
50422-09-28,0.9005763211953703
50425-06-24,0.9134204567832716
50428-03-20,0.9146948423719459
50430-12-15,0.9198203166926441
50433-09-10,0.918613888631906
50436-06-06,0.9184442957957687
50439-03-03,0.9192811466921088
50441-11-27,0.9237638014747891
50444-08-23,0.9243492641217727
50447-05-20,0.9212424874554095
50450-02-13,0.9201690172777038
50452-11-09,0.921672496621087
50455-08-06,0.9142649174124535
50458-05-02,0.923970611812368
50461-01-26,0.920800995067815
50463-10-23,0.9218041979764954
50466-07-19,0.9238674339113762
50469-04-14,0.9231291017186616
50472-01-09,0.9206993736755388
50474-10-05,0.9208850886806949
50477-07-01,0.9202607106609679
50480-03-27,0.9201185466338048
50482-12-22,0.9203909049244573
50485-09-17,0.923803540109427
50488-06-13,0.9240311288665608
50491-03-10,0.9259295967941086
50493-12-04,0.9218578559534002
50496-08-30,0.9221513127835408
50499-05-27,0.9220211302433728
50502-02-21,0.9204545666588438
50504-11-17,0.920006695813131
50507-08-14,0.9208877243309195
50510-05-10,0.9079086759538791
50513-02-03,0.9082152571514311
50515-10-31,0.9017085124711407
50518-07-27,0.9033387353898504
50521-04-22,0.9080679057023568
50524-01-17,0.9080183665586933
50526-10-13,0.8914029676999349
50529-07-09,0.881989154426797
50532-04-04,0.8784336062262491
50534-12-30,0.8783393943827758
50537-09-25,0.8744008606423351
50540-06-21,0.8742336718837745
50543-03-18,0.8738347019520035
50545-12-12,0.8757530174736525
50548-09-07,0.876127537275636
50551-06-04,0.8770069191371117
50554-02-28,0.877779289377509
50556-11-24,0.874352956130359
50559-08-21,0.8678201919510401
50562-05-17,0.8668350018562617
50565-02-10,0.8679416609362112
50567-11-07,0.8682283095849608
50570-08-03,0.868768104984581
50573-04-29,0.8666189912419744
50576-01-24,0.8710182576276879
50578-10-20,0.8630522700545783
50581-07-16,0.8629747387301775
50584-04-11,0.8418968082917998
50587-01-06,0.8440102252963371
50589-10-02,0.8426811258081855
50592-06-28,0.8410870653931176
50595-03-25,0.8417966347278143
50597-12-19,0.8410053752702068
50600-09-15,0.8412148962995
50603-06-12,0.8361890179564284
50606-03-08,0.831902868578695
50608-12-02,0.8343266328073131
50611-08-29,0.8346748620272971
50614-05-25,0.8374901245123191
50617-02-18,0.837821246063287
50619-11-15,0.8412541413151394
50622-08-11,0.8405960319014463
50625-05-07,0.8414923651552046
50628-02-01,0.8419357993373986
50630-10-28,0.8419409223748071
50633-07-24,0.8413498010007184
50636-04-19,0.8457081646834336
50639-01-14,0.8440795250906737
50641-10-10,0.843623940759612
50644-07-06,0.8422220392218494
50647-04-02,0.8479762754165803
50649-12-27,0.842410456956649
50652-09-22,0.8423695816621307
50655-06-19,0.8329131421588365
50658-03-15,0.8322868863221222
50660-12-09,0.828769586028533
50663-09-05,0.8247033399981323
50666-06-01,0.818429900690098
50669-02-25,0.7950132144092167
50671-11-22,0.7944399364478691
50674-08-18,0.7896430810904115
50677-05-14,0.7868269579604484
50680-02-08,0.792379047386907
50682-11-04,0.7901049185645468
50685-07-31,0.7902586073472156
50688-04-26,0.7727599794248471
50691-01-21,0.7760922396570833
50693-10-17,0.7773158723482387
50696-07-13,0.7758683919258172
50699-04-09,0.7737288524220712
50702-01-04,0.7747711038778788
50704-09-30,0.773359753290701
50707-06-27,0.778424866700483
50710-03-23,0.7761201135917216
50712-12-17,0.76967971236015
50715-09-13,0.7657848838944079
50718-06-09,0.765112962885776
50721-03-05,0.7650932448133613
50723-11-30,0.7661531036448861
50726-08-26,0.7662811429533551
50729-05-22,0.7642860313799144
50732-02-16,0.7652269545955177
50734-11-12,0.7651012164991572
50737-08-08,0.7578416078178403
50740-05-04,0.7572573719198725
50743-01-29,0.7564593472133606
50745-10-25,0.7702326368300484
50748-07-21,0.7697414305706354
50751-04-17,0.7685517413540228
50754-01-11,0.762973705459069
50756-10-07,0.7842959944080169
50759-07-04,0.7885025798688682
50762-03-30,0.7910807180115543
50764-12-24,0.7906542924285795
50767-09-20,0.7892701801776396
50770-06-16,0.7896484955228645
50773-03-12,0.8046245998464989
50775-12-07,0.8121016546101489
50778-09-02,0.8150275553775563
50781-05-29,0.8188365515337271
50784-02-23,0.8215201270467493
50786-11-19,0.8215722751288312
50789-08-15,0.8212944746084394
50792-05-11,0.8211752053000587
50795-02-05,0.8262774435062369
50797-11-01,0.8259220888515967
50800-07-28,0.8259283923317206
50803-04-24,0.8311902465349729
50806-01-18,0.8490202838933805
50808-10-14,0.8487860866938671
50811-07-11,0.8499918388678167
50814-04-06,0.8473751415178755
50816-12-31,0.8577604514688713
50819-09-27,0.862524480163202
50822-06-23,0.8628296400167851
50825-03-19,0.8727891014220266
50827-12-14,0.8735820649343937
50830-09-09,0.8858792353082913
50833-06-05,0.8857583025233775
50836-03-01,0.8858468831735511
50838-11-26,0.8800129043321118
50841-08-22,0.8696411480446748
50844-05-18,0.8677176664312329
50847-02-12,0.8672659437458213
50849-11-08,0.8637578327260612
50852-08-04,0.8619663921319771
50855-05-01,0.8688964519348801
50858-01-25,0.8705770389032229
50860-10-21,0.87341892499859
50863-07-18,0.8726378780641723
50866-04-13,0.8515353190985062
50869-01-07,0.8491564781946297
50871-10-04,0.8501077176777571
50874-06-30,0.8506094839055699
50877-03-26,0.8536314913820608
50879-12-21,0.8491917182544423
50882-09-16,0.8417636262759894
50885-06-12,0.843696826597097
50888-03-08,0.8439618836914958
50890-12-03,0.8463582521298122
50893-08-29,0.8358878293094729
50896-05-25,0.8430190436847246
50899-02-19,0.851933153543941
50901-11-16,0.8434748688182158
50904-08-12,0.8420502794278313
50907-05-09,0.8421931511468222
50910-02-02,0.8494059138048314
50912-10-29,0.8506222190412718
50915-07-26,0.867234354787873
50918-04-21,0.8667663619439705
50921-01-15,0.8709820244159872
50923-10-12,0.8709712213213053
50926-07-08,0.8754746083243162
50929-04-03,0.8856323775478582
50931-12-29,0.887894094394372
50934-09-24,0.88984402851506
50937-06-20,0.9016314718607604
50940-03-16,0.9032771006488212
50942-12-11,0.9036676487942578
50945-09-06,0.8796332437862613
50948-06-02,0.8782093450070587
50951-02-27,0.8827130096493246
50953-11-23,0.8814127080575773
50956-08-19,0.8820006981125683
50959-05-16,0.8878153984738895
50962-02-09,0.8861064469910288
50964-11-05,0.8868813115980289
50967-08-02,0.8872205415651567
50970-04-28,0.8886644512400962
50973-01-22,0.8844502964446688
50975-10-19,0.8847006198854311
50978-07-15,0.8843057612575013
50981-04-10,0.8842066632554237
50984-01-05,0.8751148020498724
50986-10-01,0.8739322737151871
50989-06-27,0.8738841681123931
50992-03-23,0.8801321004486141
50994-12-18,0.8877947517176596
50997-09-13,0.8875651540864024
51000-06-10,0.8886033270821292
51003-03-07,0.8841133020925236
51005-12-01,0.8847094801746503
51008-08-27,0.8831294966887618
51011-05-24,0.8833422815572686
51014-02-17,0.8832789775898985
51016-11-13,0.8828095591605415
51019-08-10,0.8833129483365838
51022-05-06,0.8838788831831883
51025-01-30,0.8835727852953048
51027-10-27,0.8839066307681585
51030-07-23,0.8838213565885994
51033-04-18,0.8836403852978971
51036-01-13,0.8833994008162921
51038-10-09,0.8834164983324327
51041-07-05,0.8822712888422917
51044-03-31,0.8827562600584956
51046-12-26,0.8826768038541681
51049-09-21,0.882891490633536
51052-06-17,0.8826563331732032
51055-03-14,0.8825331906871813
51057-12-08,0.8833360812503177
51060-09-03,0.8832821572663864
51063-05-31,0.8843925544831592
51066-02-24,0.8850337765675201
51068-11-20,0.8851860483259985
51071-08-17,0.8852076956820861
51074-05-13,0.8902685844191728
51077-02-06,0.8903659969557074
51079-11-03,0.8885740883922479
51082-07-30,0.8887493500433606
51085-04-25,0.8845349517079668
51088-01-20,0.8851239394992461
51090-10-16,0.8853080482871614
51093-07-12,0.8853651939244573
51096-04-07,0.8853247904982671
51099-01-02,0.8696091720624234
51101-09-29,0.8674174873962803
51104-06-25,0.8661437972809077
51107-03-22,0.8626412432654587
51109-12-16,0.8644603779690019
51112-09-11,0.8714162199764653
51115-06-08,0.8740121717763781
51118-03-04,0.8824172465878669
51120-11-28,0.8829563104430939
51123-08-25,0.8832506631718212
51126-05-21,0.8876933510076553
51129-02-14,0.8923290219303381
51131-11-11,0.8925762498573495
51134-08-07,0.8918115558790858
51137-05-03,0.8920411438422274
51140-01-28,0.8932798429147334
51142-10-24,0.8930600329521261
51145-07-20,0.8870941694615007
51148-04-15,0.8958277340576066
51151-01-10,0.8970378435214914
51153-10-06,0.8990084883616603
51156-07-02,0.8987965376995688
51159-03-29,0.8986953808316243
51161-12-23,0.89902377879898
51164-09-18,0.9004322074126188
51167-06-15,0.9001009785338141
51170-03-11,0.9001541722518623
51172-12-05,0.9003541005209348
51175-09-01,0.8991567896836029
51178-05-28,0.8974246256858919
51181-02-21,0.8982421392499973
51183-11-18,0.8913126367984007
51186-08-14,0.8926302449556456
51189-05-10,0.8912277854539693
51192-02-04,0.9199802400663858
51194-10-31,0.9209075065488576
51197-07-27,0.9226173513466766
51200-04-22,0.9225242303440213
51203-01-17,0.9183078322621876
51205-10-13,0.9106450228206135
51208-07-09,0.9183396514494723
51211-04-05,0.9181073290886953
51213-12-30,0.9169430322874559
51216-09-25,0.9150853493570051
51219-06-22,0.9030699429580683
51222-03-18,0.8976615782562517
51224-12-12,0.9001039169372521
51227-09-08,0.9011115064681267
51230-06-04,0.9165716541938443
51233-02-28,0.9179072902931004
51235-11-25,0.91785004688471
51238-08-21,0.9180965364145821
51241-05-17,0.9000705665474524
51244-02-11,0.9041087624462972
51246-11-07,0.9035629181454699
51249-08-03,0.9028837193447263
51252-04-29,0.9047781549015999
51255-01-24,0.907011993150241
51257-10-20,0.9075535317121057
51260-07-16,0.9076791460546374
51263-04-12,0.9049205681480241
51266-01-06,0.9045696005814158
51268-10-02,0.9031622722742862
51271-06-29,0.9030718259546444
51274-03-25,0.9023358980966966
51276-12-19,0.8958918396370276
51279-09-15,0.8965955400805268
51282-06-11,0.8995382321103661
51285-03-07,0.8998219917538699
51287-12-02,0.8997702591598156
51290-08-28,0.8969862408719567
51293-05-24,0.8971717051473418
51296-02-18,0.896906438517346
51298-11-14,0.8945870212371166
51301-08-11,0.8938443946026704
51304-05-07,0.8927299059282812
51307-02-01,0.8876332779067758
51309-10-28,0.8872346677302649
51312-07-24,0.8716279367415437
51315-04-20,0.8643216616430727
51318-01-14,0.863000484831363
51320-10-10,0.8431720489648782
51323-07-07,0.8418345608969682
51326-04-02,0.8558123676303375
51328-12-27,0.8546500982319439
51331-09-23,0.8272776474493271
51334-06-19,0.8109485624328586
51337-03-15,0.7868731283854723
51339-12-10,0.7474863281582688
51342-09-05,0.7601457447554074
51345-06-01,0.7717342269279497
51348-02-26,0.778269218325847
51350-11-22,0.7809421224429183
51353-08-18,0.7800527744354754
51356-05-14,0.7823816600250804
51359-02-08,0.7804173544666015
51361-11-04,0.7783507992697221
51364-07-31,0.7476795264827811
51367-04-27,0.7521080337162404
51370-01-21,0.7516487195029641
51372-10-17,0.7514207318268435
51375-07-14,0.7519711136066777
51378-04-09,0.7588978740893979
51381-01-03,0.7608769212132783
51383-09-30,0.760718681937041
51386-06-26,0.757658521070502
51389-03-22,0.7705671814269183
51391-12-17,0.7727382123145355
51394-09-12,0.7726856688231935
51397-06-08,0.7725585085776819
51400-03-05,0.7701098774311843
51402-11-30,0.770472537220738
51405-08-26,0.7738517185091571
51408-05-22,0.7773563122672971
51411-02-16,0.7774264225613542
51413-11-12,0.7768490237075644
51416-08-08,0.7743382211257755
51419-05-05,0.7739218958596351
51422-01-29,0.7736060620744516
51424-10-25,0.7727425299744687
51427-07-22,0.7720875029330312
51430-04-17,0.7744142075621114
51433-01-11,0.7730038794116167
51435-10-08,0.7725945318072036
51438-07-04,0.7794717208376898
51441-03-30,0.7822396134500444
51443-12-25,0.7798786359149346
51446-09-20,0.7797748848594905
51449-06-16,0.7742987165004813
51452-03-12,0.7762510771717746
51454-12-07,0.8039586642383334
51457-09-02,0.8010011878262048
51460-05-29,0.7895814711478256
51463-02-23,0.7999929893494917
51465-11-19,0.7721767848318245
51468-08-15,0.7726196446941834
51471-05-12,0.7655547132243192
51474-02-05,0.77392342741504
51476-11-01,0.7706793545835123
51479-07-29,0.7705597537276997
51482-04-24,0.7667237923532181
51485-01-18,0.762615364064477
51487-10-15,0.7594035595769855
51490-07-11,0.7553701497302199
51493-04-06,0.7639030623908862
51496-01-01,0.7641800988234281
51498-09-27,0.7652445659172896
51501-06-24,0.783537893213734
51504-03-20,0.7783383171980538
51506-12-15,0.7991112751101803
51509-09-10,0.7998793839782746
51512-06-06,0.8039683365394513
51515-03-03,0.804345492503337
51517-11-27,0.8042607033264413
51520-08-23,0.8044190203953439
51523-05-20,0.8070510912849652
51526-02-13,0.8063422685166726
51528-11-09,0.8026350876000026
51531-08-06,0.8025384249412898
51534-05-02,0.8029628697126105
51537-01-26,0.8048321586950669
51539-10-23,0.8039704668311579
51542-07-19,0.8052679967053457
51545-04-14,0.8057577582270579
51548-01-09,0.8071358746118925
51550-10-05,0.8038831319218338
51553-07-01,0.8057488442082402
51556-03-27,0.8060772220734224
51558-12-22,0.8148353529666963
51561-09-17,0.8190848792205193
51564-06-13,0.8202023562308908
51567-03-10,0.8192964397963073
51569-12-04,0.8188090475553786
51572-08-30,0.8096565037368778
51575-05-27,0.8083642765946594
51578-02-20,0.8126316656666318
51580-11-16,0.8246049635760829
51583-08-13,0.8458242300370004
51586-05-09,0.8760246355271256
51589-02-02,0.8727220054754455
51591-10-30,0.873280257274767
51594-07-26,0.8640832559043587
51597-04-21,0.8592767951671132
51600-01-16,0.8619444935729502
51602-10-12,0.8610674116279073
51605-07-08,0.8631731182946393
51608-04-03,0.8616772890170789
51610-12-29,0.8620619179819631
51613-09-24,0.8592781204496134
51616-06-20,0.8587148643283007
51619-03-17,0.8592732864960799
51621-12-11,0.8587891083724594
51624-09-06,0.8580008170026197
51627-06-03,0.8583281761222226
51630-02-27,0.8583371708857448
51632-11-23,0.856695247715747
51635-08-20,0.8524540058183075
51638-05-16,0.8542644694486602
51641-02-09,0.854147290479424
51643-11-06,0.8547879136698262
51646-08-02,0.8553685996313564
51649-04-28,0.8556937511417488
51652-01-23,0.8511215963869463
51654-10-19,0.84779346952974
51657-07-15,0.8476856746101162
51660-04-10,0.8496729045738458
51663-01-05,0.8517843793032087
51665-10-01,0.8510724484209907
51668-06-27,0.8504138960676592
51671-03-24,0.8454664737220023
51673-12-18,0.8445956939998412
51676-09-13,0.8371256079475891
51679-06-10,0.8271398367093142
51682-03-06,0.8262975486487496
51684-11-30,0.8182318298000584
51687-08-27,0.8150119075728959
51690-05-23,0.8160981580779443
51693-02-16,0.8149218986969412
51695-11-13,0.8182107769140095
51698-08-09,0.8306253397813754
51701-05-06,0.8126389036064681
51704-01-31,0.8132819186959674
51706-10-27,0.8232224496710266
51709-07-23,0.8171239926147004
51712-04-18,0.8204316495234423
51715-01-13,0.8228697299897554
51717-10-09,0.8299557942369046
51720-07-05,0.8263484299758908
51723-04-01,0.8298562041395942
51725-12-26,0.8302259843646161
51728-09-21,0.8329337761711083
51731-06-18,0.8393552287968148
51734-03-14,0.8469240784593375
51736-12-08,0.8459004133391058
51739-09-04,0.8449758713515179
51742-05-31,0.8448360565847187
51745-02-24,0.846586289531657
51747-11-21,0.8298562684959011
51750-08-17,0.8399525937114902
51753-05-13,0.814854463318867
51756-02-07,0.815758080691881
51758-11-03,0.8121559743836237
51761-07-30,0.8125108447579978
51764-04-25,0.8112203141164592
51767-01-20,0.8109290823769592
51769-10-16,0.8094787307520808
51772-07-12,0.8116842616744601
51775-04-08,0.8151297534967477
51778-01-02,0.8167749032733961
51780-09-28,0.8168875999932843
51783-06-25,0.8336256247002009
51786-03-21,0.812713134020396
51788-12-15,0.8135638715305452
51791-09-11,0.8121291462143843
51794-06-07,0.8095773452890835
51797-03-03,0.8155493242661153
51799-11-28,0.8158344635878756
51802-08-25,0.8151246949570132
51805-05-21,0.8155174787449592
51808-02-15,0.8134661606584809
51810-11-11,0.8131708438541275
51813-08-07,0.818557522017417
51816-05-03,0.8204776175869639
51819-01-28,0.8247960187668992
51821-10-24,0.8237550555339811
51824-07-20,0.8233557803094274
51827-04-16,0.8239844028619664
51830-01-10,0.8285552951063055
51832-10-06,0.8163091374723309
51835-07-03,0.8177313297572517
51838-03-29,0.8200320390757448
51840-12-23,0.8215108773381822
51843-09-19,0.824353975932706
51846-06-15,0.8228978142503944
51849-03-11,0.8244517038822818
51851-12-06,0.8210222766846457
51854-09-01,0.8221843600520707
51857-05-28,0.8289399732421202
51860-02-22,0.8326235369312873
51862-11-18,0.8347902416266277
51865-08-14,0.8406210352865607
51868-05-10,0.8429894841945907
51871-02-04,0.8405637840579925
51873-10-31,0.8406107115110587
51876-07-27,0.8415653797820009
51879-04-23,0.8417542602877324
51882-01-17,0.8439969697712089
51884-10-13,0.8425604469134654
51887-07-10,0.8453412644025547
51890-04-05,0.8460938120824502
51892-12-30,0.8464677523150156
51895-09-26,0.8457327027062647
51898-06-22,0.8456348444300362
51901-03-19,0.8479349113473769
51903-12-14,0.8472580309206145
51906-09-09,0.848647536528709
51909-06-05,0.849860983435933
51912-03-01,0.8495222410108937
51914-11-26,0.8494290173620085
51917-08-22,0.8534897083684153
51920-05-18,0.8539172735532927
51923-02-12,0.8613600255208874
51925-11-08,0.8718118238790541
51928-08-04,0.8707522804996891
51931-05-01,0.8823748781762886
51934-01-25,0.8821220748254952
51936-10-21,0.8822510461861199
51939-07-18,0.8838208857385514
51942-04-13,0.8842145383031348
51945-01-07,0.8637899985734054
51947-10-04,0.8683722836889233
51950-06-30,0.8693591139622362
51953-03-26,0.8728576810406571
51955-12-21,0.8729788858050403
51958-09-16,0.872484414394871
51961-06-12,0.8693371352833947
51964-03-08,0.8732177682140381
51966-12-03,0.8741501446143514
51969-08-29,0.8735065850010336
51972-05-25,0.8757100055885829
51975-02-19,0.8800007448190336
51977-11-15,0.8786616672855859
51980-08-11,0.8758196615527207
51983-05-08,0.8803304452287294
51986-02-01,0.8624174287163752
51988-10-28,0.862685390114808
51991-07-25,0.8614603707183591
51994-04-20,0.8653839937619606
51997-01-14,0.8663344770046064
51999-10-11,0.8690183721316594
52002-07-07,0.8682337357527496
52005-04-02,0.8690119606183496
52007-12-28,0.8689111079523033
52010-09-23,0.8687924949839801
52013-06-19,0.8691841315726972
52016-03-15,0.8667880401700218
52018-12-10,0.8671976539577335
52021-09-05,0.8667394407164261
52024-06-01,0.8645891249601709
52027-02-26,0.8645593014753055
52029-11-22,0.8478005359751214
52032-08-18,0.881835297957236
52035-05-15,0.8819453244216782
52038-02-08,0.8878454387273923
52040-11-04,0.8855028766331902
52043-08-01,0.8828368135118746
52046-04-27,0.8829696905906048
52049-01-21,0.8799778920038858
52051-10-18,0.8807077822125531
52054-07-14,0.8797432332866567
52057-04-09,0.8743822336871416
52060-01-04,0.8769792673089226
52062-09-30,0.8770133159895899
52065-06-26,0.8796225022132945
52068-03-22,0.8853712069322467
52070-12-17,0.8790701993642787
52073-09-12,0.8783198105705423
52076-06-08,0.8795750044662201
52079-03-05,0.87992433152543
52081-11-29,0.8826428450043964
52084-08-25,0.8473623727995618
52087-05-22,0.8446766951789345
52090-02-15,0.8395255436636142
52092-11-11,0.844577478872522
52095-08-08,0.8415252829776932
52098-05-04,0.8282322422820719
52101-01-29,0.8312901364190709
52103-10-26,0.8314455677270793
52106-07-22,0.8244558980934138
52109-04-17,0.8237074917056267
52112-01-12,0.8132516643652605
52114-10-08,0.8135731764033762
52117-07-04,0.8160273409983045
52120-03-30,0.8214893977123197
52122-12-25,0.8314210456533416
52125-09-20,0.8339925936149802
52128-06-16,0.8330544383610083
52131-03-13,0.8352648871455962
52133-12-07,0.8348661590270327
52136-09-02,0.8390970280348479
52139-05-30,0.8396840903358259
52142-02-23,0.8405896114488213
52144-11-19,0.8401096087348162
52147-08-16,0.8323781925053165
52150-05-12,0.8346049967952256
52153-02-05,0.8574499193807614
52155-11-02,0.8543934339357703
52158-07-29,0.8548004870244708
52161-04-24,0.8512193023870387
52164-01-19,0.9496004463359791
52166-10-15,0.9529749568753516
52169-07-11,0.9536585441052837
52172-04-06,0.9531104874458067
52175-01-01,0.9538749416948274
52177-09-27,0.9535958989137454
52180-06-23,0.9537987698201394
52183-03-20,0.9550347915284205
52185-12-14,0.954155707282984
52188-09-09,0.9545411317358654
52191-06-06,0.9549206074282454
52194-03-02,0.9552202213097587
52196-11-26,0.9543722555052131
52199-08-23,0.9543621811282359
52202-05-20,0.954387993669849
52205-02-13,0.954393539012936
52207-11-10,0.9548871668814078
52210-08-06,0.9547801464621953
52213-05-02,0.953586238637574
52216-01-27,0.9536551810008713
52218-10-23,0.9533204330645625
52221-07-19,0.9531773782560619
52224-04-14,0.953122714870451
52227-01-09,0.9531662647519249
52229-10-05,0.9528673536375156
52232-07-01,0.9535155668764717
52235-03-28,0.9532890102632277
52237-12-22,0.9532297756198801
52240-09-17,0.9530941442672753
52243-06-14,0.9534852984940431
52246-03-10,0.9534225120613754
52248-12-04,0.9534800283868328
52251-08-31,0.9531973745959187
52254-05-27,0.9531863551636891
52257-02-20,0.9532553369693003
52259-11-17,0.9534256093656466
52262-08-13,0.9537545252076497
52265-05-09,0.9523036637432636
52268-02-03,0.9520686958911274
52270-10-30,0.9522388542996006
52273-07-26,0.9522421850814311
52276-04-21,0.952347019174748
52279-01-16,0.9506367597006186
52281-10-12,0.9506159985832954
52284-07-08,0.9500304952416747
52287-04-04,0.9506870436719921
52289-12-29,0.9511568963569224
52292-09-24,0.9511662822868202
52295-06-21,0.9490855536835018
52298-03-17,0.9487600774144105
52300-12-12,0.9489218166617645
52303-09-08,0.949482367369596
52306-06-04,0.9495040741340542
52309-02-28,0.9493890279771982
52311-11-25,0.9487324471314081
52314-08-21,0.9473254718238454
52317-05-17,0.9474762992131163
52320-02-11,0.9472534661595887
52322-11-07,0.9466821088706822
52325-08-03,0.947706925365893
52328-04-29,0.9474829969919479
52331-01-24,0.9549722466031076
52333-10-20,0.9554338124669791
52336-07-16,0.9559858527851604
52339-04-12,0.9557766523504497
52342-01-06,0.9558047905757739
52344-10-02,0.9588283095681744
52347-06-29,0.957836540053391
52350-03-25,0.9576120925059802
52352-12-19,0.9575188173691663
52355-09-15,0.9580827737030627
52358-06-11,0.957476917129609
52361-03-07,0.9575009599605513
52363-12-02,0.9568268278549512
52366-08-28,0.9572473651067347
52369-05-24,0.9571977598319843
52372-02-18,0.9573490851517926
52374-11-14,0.9576296435482087
52377-08-10,0.9574104964561815
52380-05-06,0.9544693860928471
52383-01-31,0.9541835687613626
52385-10-27,0.95430118252494
52388-07-23,0.9533133470699815
52391-04-19,0.9536111449860134
52394-01-13,0.9558959531754768
52396-10-09,0.9557895389848126
52399-07-06,0.956283656259503
52402-04-01,0.9571356671226411
52404-12-26,0.9571334785403769
52407-09-22,0.9581080520861396
52410-06-18,0.8995038664997423
52413-03-14,0.8891001672710196
52415-12-09,0.8843676557052241
52418-09-04,0.8864614722642904
52421-05-31,0.8836395660169888
52424-02-25,0.8833128329087586
52426-11-21,0.883195362720597
52429-08-17,0.8707056510462111
52432-05-13,0.8731093866557884
52435-02-07,0.8732107667162162
52437-11-03,0.8682411076047775
52440-07-30,0.8600754911603584
52443-04-26,0.8642613650110296
52446-01-20,0.8640002773128093
52448-10-16,0.8654970600052814
52451-07-13,0.8627723806566665
52454-04-08,0.8638391425495057
52457-01-02,0.8613635195928764
52459-09-29,0.8627575735428921
52462-06-25,0.8627836135909778
52465-03-21,0.8639051431917992
52467-12-16,0.8633859038557476
52470-09-11,0.8641198994261654
52473-06-07,0.863984494711199
52476-03-03,0.863744785106924
52478-11-28,0.8699033465394544
52481-08-24,0.8699028293344329
52484-05-20,0.8707405195348515
52487-02-14,0.87094476687861
52489-11-10,0.8658716944274695
52492-08-06,0.8654405672228495
52495-05-03,0.8656202515795912
52498-01-27,0.8653198796528229
52500-10-24,0.8655748476068313
52503-07-21,0.8635676612713373
52506-04-16,0.8585806523743846
52509-01-10,0.8579990890147111
52511-10-07,0.8679252008586577
52514-07-03,0.8678550794696733
52517-03-29,0.8639317615232777
52519-12-24,0.8639114696422472
52522-09-19,0.8631060237333794
52525-06-15,0.8565439929084697
52528-03-11,0.85286606961141
52530-12-06,0.854263021456942
52533-09-01,0.8373561021032506
52536-05-28,0.8390101106361526
52539-02-22,0.816291146735355
52541-11-18,0.8048941520962997
52544-08-14,0.8034970488867199
52547-05-11,0.7917977011318821
52550-02-04,0.7933453294096712
52552-10-31,0.7888720017295685
52555-07-28,0.791918318969811
52558-04-23,0.795151565147234
52561-01-17,0.8051283246730423
52563-10-14,0.8006976976808612
52566-07-10,0.7994039804239932
52569-04-05,0.7997121304153365
52571-12-31,0.7711325655740324
52574-09-26,0.7704177657169395
52577-06-22,0.7703252395489246
52580-03-18,0.7722319152351517
52582-12-13,0.7808540736849131
52585-09-08,0.7635599992990113
52588-06-04,0.7607866064512516
52591-03-01,0.7561229863311701
52593-11-25,0.7577801222266096
52596-08-21,0.7474966256213927
52599-05-18,0.7473703999671695
52602-02-12,0.7384917923249591
52604-11-08,0.739667473762269
52607-08-05,0.7429676592914536
52610-05-01,0.7400601274491492
52613-01-25,0.739337079417825
52615-10-22,0.7369619038240276
52618-07-18,0.7440095285966367
52621-04-13,0.737278997038664
52624-01-08,0.7389863333521509
52626-10-04,0.7430842331393749
52629-06-30,0.7378735982095391
52632-03-26,0.7249025498991291
52634-12-21,0.7201870515066953
52637-09-16,0.7164913020750112
52640-06-12,0.7359360952010285
52643-03-09,0.7848137172343255
52645-12-03,0.7807662177436708
52648-08-29,0.76262035846585
52651-05-26,0.7605650561862741
52654-02-19,0.7599212696503581
52656-11-15,0.7624186040519958
52659-08-12,0.7513702826739838
52662-05-08,0.7497440792979689
52665-02-01,0.7498288076485475
52667-10-29,0.7474135055539611
52670-07-25,0.7463159049880358
52673-04-20,0.7460525639050515
52676-01-15,0.7374948415948949
52678-10-11,0.7354756886047645
52681-07-07,0.7251928406693914
52684-04-02,0.7252276664977185
52686-12-28,0.7237442748370387
52689-09-23,0.7185637523356735
52692-06-19,0.730946538547923
52695-03-16,0.7280055966083158
52697-12-10,0.7324167377040616
52700-09-06,0.741513499999463
52703-06-03,0.7392731678295263
52706-02-27,0.7389725959770336
52708-11-23,0.7388846422022655
52711-08-20,0.7389388979151197
52714-05-16,0.73875351938955
52717-02-09,0.7376371463150229
52719-11-06,0.7385300106453628
52722-08-02,0.7382544601539187
52725-04-28,0.7380250257971538
52728-01-23,0.7343756402279451
52730-10-19,0.7333292570681932
52733-07-15,0.73408668216179
52736-04-10,0.7329420067178606
52739-01-05,0.7343246842004283
52741-10-01,0.7342077117764365
52744-06-27,0.7334210922127649
52747-03-24,0.7330645169148006
52749-12-18,0.7337754528016807
52752-09-13,0.734092155428668
52755-06-10,0.7336437327011375
52758-03-06,0.7330879465301958
52760-11-30,0.7350530464126201
52763-08-27,0.7351005116284148
52766-05-23,0.7353125736893551
52769-02-16,0.7307583768234476
52771-11-13,0.7270272846614794
52774-08-09,0.7302677928561692
52777-05-05,0.7308661341603353
52780-01-30,0.7366467509827918
52782-10-26,0.7362114222234756
52785-07-22,0.7743527183207976
52788-04-17,0.7709055539673038
52791-01-12,0.7695843099316568
52793-10-08,0.7791441908604796
52796-07-04,0.7760786905681566
52799-03-31,0.7688767387315892
52801-12-25,0.7765199298539756
52804-09-20,0.7729997451227855
52807-06-17,0.7754763534773641
52810-03-13,0.775397242794886
52812-12-07,0.7748846731952371
52815-09-03,0.741652532199881
52818-05-30,0.7198621131784183
52821-02-23,0.7229970479144623
52823-11-20,0.7261231045006874
52826-08-16,0.7235493649718006
52829-05-12,0.7217913409621752
52832-02-06,0.7291694833045208
52834-11-02,0.7250393492463562
52837-07-29,0.7236758740354877
52840-04-24,0.725460457665161
52843-01-19,0.732532952018648
52845-10-15,0.7315134766308201
52848-07-11,0.7325825002848115
52851-04-07,0.732333520263638
52854-01-01,0.7268415674701878
52856-09-27,0.7350844398009939
52859-06-24,0.7196843625483211
52862-03-20,0.7170848431917721
52864-12-14,0.6890704119696963
52867-09-10,0.6776764084834009
52870-06-06,0.6827550650273605
52873-03-02,0.701471760917009
52875-11-27,0.7025671193518142
52878-08-23,0.7057613552661467
52881-05-19,0.7084209089836956
52884-02-13,0.7194000584334452
52886-11-09,0.7153237607756457
52889-08-05,0.6671822774432732
52892-05-01,0.6682754572666968
52895-01-26,0.6863254096545945
52897-10-22,0.6929206078034506
52900-07-19,0.6932193620318087
52903-04-15,0.689261274323493
52906-01-09,0.7027897145211673
52908-10-05,0.7048297669019069
52911-07-02,0.7072811643543743
52914-03-28,0.7121045220476019
52916-12-22,0.7164141750578592
52919-09-18,0.7155571301997145
52922-06-14,0.7214801815324564
52925-03-10,0.7221261517775327
52927-12-05,0.74861112771314
52930-08-31,0.7337684208593265
52933-05-27,0.7342112324960737
52936-02-21,0.729937765685042
52938-11-17,0.7192807505724652
52941-08-13,0.7255550437977234
52944-05-09,0.7243447575788812
52947-02-03,0.7204682378420589
52949-10-30,0.7215049330320061
52952-07-26,0.7215955404675644
52955-04-22,0.7118534076728816
52958-01-16,0.687006817316919
52960-10-12,0.687791735631718
52963-07-09,0.6877074669177993
52966-04-04,0.6849812461238429
52968-12-29,0.6838874417936296
52971-09-25,0.6824779504180394
52974-06-21,0.688827662584507
52977-03-17,0.6119536381448887
52979-12-12,0.5802861101544673
52982-09-07,0.5852442053814414
52985-06-03,0.6006869713343155
52988-02-28,0.592675680031854
52990-11-24,0.5894859873001949
52993-08-20,0.5794090326774187
52996-05-16,0.5808596466086845
52999-02-10,0.6138813709986617
53001-11-07,0.6181255039548084
53004-08-03,0.6261061741061562
53007-04-30,0.6274132780667199
53010-01-24,0.6362379117868101
53012-10-20,0.6249363349135215
53015-07-17,0.625850286574994
53018-04-12,0.628582929987556
53021-01-06,0.6033597263251192
53023-10-03,0.6045255865871854
53026-06-29,0.6685206117441647
53029-03-25,0.6764670391826701
53031-12-20,0.6746531345392717
53034-09-15,0.6601302062913955
53037-06-11,0.658497136378025
53040-03-07,0.6545325977110891
53042-12-02,0.6683142461272965
53045-08-28,0.6718373952516725
53048-05-24,0.67258320396244
53051-02-18,0.6738986815748359
53053-11-14,0.676267103238052
53056-08-10,0.676986614772687
53059-05-07,0.6825476545577029
53062-01-31,0.6967061082379065
53064-10-27,0.7079852659504565
53067-07-24,0.7054310236109016
53070-04-19,0.7003723819503608
53073-01-13,0.7002973125787272
53075-10-10,0.6867057043680928
53078-07-06,0.6864567946662421
53081-04-01,0.6904483287402531
53083-12-27,0.6879089900041224
53086-09-22,0.683381980663185
53089-06-18,0.6831306346536707
53092-03-14,0.6809861417213494
53094-12-09,0.680821996244252
53097-09-04,0.6797105020477359
53100-06-01,0.6792945388651542
53103-02-26,0.6718656880980265
53105-11-22,0.6684731368061553
53108-08-18,0.6700865532589092
53111-05-15,0.6791019270443844
53114-02-08,0.6917313079591082
53116-11-04,0.706236005034663
53119-08-01,0.6952690990330416
53122-04-27,0.7024558047539355
53125-01-21,0.7030188427467243
53127-10-18,0.7032778894038703
53130-07-14,0.7010987663853885
53133-04-09,0.7054175132326128
53136-01-04,0.7073289159833436
53138-09-30,0.7089832877212743
53141-06-26,0.7047524244329431
53144-03-22,0.7042859801897238
53146-12-17,0.697871765739023
53149-09-12,0.6983338064076363
53152-06-08,0.693591339688439
53155-03-05,0.6927597808415458
53157-11-29,0.6874683983207767
53160-08-25,0.6859012934796165
53163-05-22,0.6858709268875661
53166-02-15,0.690546244575697
53168-11-11,0.693303648662004
53171-08-08,0.6943165201040917
53174-05-04,0.6890376571626725
53177-01-28,0.6937331213420402
53179-10-25,0.6950793139824308
53182-07-21,0.6960070352901654
53185-04-16,0.6949936353815727
53188-01-11,0.6927117892581633
53190-10-07,0.6965507622490963
53193-07-03,0.6954376647921687
53196-03-29,0.6987600421391912
53198-12-24,0.6985617942964868
53201-09-19,0.7071063173350491
53204-06-15,0.715094793720884
53207-03-12,0.7146136158577842
53209-12-06,0.715349040300428
53212-09-01,0.7161597653100628
53215-05-29,0.7144157881865665
53218-02-22,0.7146789354208295
53220-11-18,0.708108848650663
53223-08-15,0.7511944371383301
53226-05-11,0.7663006030400467
53229-02-04,0.7643740407579425
53231-11-01,0.75705668713515
53234-07-28,0.7656909474643149
53237-04-23,0.7699731854449102
53240-01-18,0.7756041564624596
53242-10-14,0.7776705360315161
53245-07-10,0.7691204500078144
53248-04-05,0.767484486727716
53250-12-31,0.7677821951607099
53253-09-26,0.7580162972573083
53256-06-22,0.7529787192792639
53259-03-19,0.7640704235439238
53261-12-13,0.7653545620242017
53264-09-08,0.7653367283910386
53267-06-05,0.783826113507008
53270-03-01,0.7803871675034638
53272-11-25,0.7366968308767148
53275-08-22,0.7217965085880081
53278-05-18,0.7236080634823225
53281-02-11,0.7461597732035065
53283-11-08,0.7408596001645151
53286-08-04,0.7515934904787668
53289-04-30,0.7408365530732371
53292-01-25,0.7329440953062274
53294-10-21,0.7307125009681539
53297-07-17,0.7183594536489678
53300-04-13,0.7084917762377368
53303-01-08,0.7089125447807403
53305-10-04,0.6713050309761176
53308-06-30,0.6719444781374105
53311-03-27,0.6807957608700184
53313-12-21,0.6792817571735942
53316-09-16,0.6842082513416798
53319-06-13,0.6776500099328145
53322-03-09,0.6853255050954287
53324-12-03,0.6809090953501808
53327-08-30,0.6794781362222452
53330-05-26,0.7004500960930959
53333-02-19,0.7014587587397365
53335-11-16,0.6921447583723268
53338-08-12,0.7077923868457995
53341-05-08,0.7072223083061497
53344-02-02,0.7186677427597085
53346-10-29,0.7165596764070346
53349-07-25,0.7634116288730476
53352-04-20,0.7891115098650408
53355-01-15,0.7984483869786648
53357-10-11,0.793640613607702
53360-07-07,0.794998872405497
53363-04-03,0.8035946424070867
53365-12-28,0.802376905252447
53368-09-23,0.7999040383847383
53371-06-20,0.7992819502901489
53374-03-16,0.8060189527322251
53376-12-10,0.806399350444521
53379-09-06,0.8036026851827818
53382-06-02,0.8055840304650596
53385-02-26,0.8046620782197961
53387-11-23,0.8050519430909688
53390-08-19,0.8068990213390723
53393-05-15,0.8120882396952283
53396-02-09,0.811909662270418
53398-11-05,0.8109525520913221
53401-08-02,0.8143485024360506
53404-04-28,0.8196972613573652
53407-01-23,0.8046954697698568
53409-10-19,0.8047228895144563
53412-07-15,0.7938893210995817
53415-04-11,0.7883486912740515
53418-01-05,0.7849871695221144
53420-10-01,0.7856452311323184
53423-06-28,0.7878131133479338
53426-03-24,0.7895178116400114
53428-12-18,0.7893955568895693
53431-09-14,0.7916486824449215
53434-06-10,0.7910072354947302
53437-03-06,0.7888442998873929
53439-12-01,0.8026280104209362
53442-08-27,0.7988429439457866
53445-05-23,0.8001375150777809
53448-02-17,0.797473008634343
53450-11-13,0.802072791420763
53453-08-09,0.8019694396862369
53456-05-05,0.8030498212184305
53459-01-30,0.801396559054581
53461-10-26,0.8023107342619625
53464-07-22,0.7971578238169584
53467-04-18,0.8016590378828414
53470-01-12,0.8012495241644756
53472-10-08,0.8012335427947899
53475-07-05,0.8018462824051075
53478-03-31,0.8035891354492029
53480-12-25,0.8032548124437865
53483-09-21,0.8018559621553434
53486-06-17,0.8008339483582626
53489-03-13,0.7996600919812228
53491-12-08,0.7995461408046917
53494-09-03,0.7992687435404143
53497-05-30,0.7976340194420847
53500-02-24,0.7997237159548053
53502-11-21,0.7998151336634025
53505-08-17,0.7998204820888334
53508-05-13,0.7998304434644585
53511-02-07,0.8011815754666308
53513-11-03,0.8012563120594943
53516-07-30,0.8026110575729629
53519-04-26,0.8074492131029907
53522-01-20,0.8171986451188983
53524-10-16,0.8172514930961117
53527-07-13,0.8190211437626829
53530-04-08,0.8239475070376509
53533-01-02,0.8200882322830451
53535-09-29,0.8168369611900826
53538-06-25,0.8159430780377233
53541-03-21,0.8166189137079145
53543-12-16,0.8255485722472057
53546-09-11,0.8267104638175733
53549-06-07,0.8250713216151151
53552-03-03,0.8356313636243476
53554-11-28,0.8335954547655089
53557-08-24,0.830968050400459
53560-05-20,0.8326505759536554
53563-02-14,0.8340880968809764
53565-11-10,0.8359352312623218
53568-08-06,0.8374877127580751
53571-05-03,0.8415005490660548
53574-01-27,0.8425614467860605
53576-10-23,0.8475728248134229
53579-07-20,0.8482924993945891
53582-04-15,0.8558616399460353
53585-01-09,0.8555650439801148
53587-10-06,0.8556358946135094
53590-07-02,0.8525795936256066
53593-03-28,0.8559828697954681
53595-12-23,0.8393993386785645
53598-09-18,0.830777514723026
53601-06-14,0.8239257023428381
53604-03-10,0.8287212331024791
53606-12-05,0.8229555022397735
53609-08-31,0.8113935559354685
53612-05-27,0.8135558817484044
53615-02-21,0.8164625204180042
53617-11-17,0.8166262335645317
53620-08-13,0.8092417820919242
53623-05-10,0.810247477295068
53626-02-03,0.809339906554604
53628-10-30,0.8148547341087711
53631-07-27,0.8097366888790145
53634-04-22,0.8022012097684815
53637-01-16,0.7949030153115171
53639-10-13,0.7890886407337324
53642-07-09,0.7882314564466373
53645-04-04,0.7889346471743833
53647-12-30,0.7859566096103664
53650-09-25,0.7852154528987347
53653-06-21,0.8200690104864489
53656-03-17,0.8170044938959523
53658-12-12,0.8258526670817363
53661-09-07,0.8368224253365041
53664-06-03,0.8401309620969142
53667-02-28,0.8404057857260839
53669-11-24,0.8411545473042368
53672-08-20,0.8390500080104224
53675-05-17,0.8391509236758851
53678-02-10,0.8357751674538896
53680-11-06,0.8340426393840992
53683-08-03,0.8354419509672738
53686-04-29,0.8105426110441379
53689-01-23,0.8289386427143878
53691-10-20,0.8324497514840848
53694-07-16,0.8403134139542944
53697-04-11,0.8312430781892614
53700-01-06,0.8360599164450196
53702-10-03,0.8308925783503025
53705-06-29,0.8368789876278824
53708-03-25,0.8370837624656409
53710-12-20,0.8543267001008845
53713-09-15,0.8511748264951726
53716-06-11,0.8528937067250644
53719-03-08,0.8590383933007523
53721-12-02,0.856043785684342
53724-08-28,0.8531193437634825
53727-05-25,0.8522576428153711
53730-02-18,0.8529610384318778
53732-11-14,0.843922843771539
53735-08-11,0.8410855298537276
53738-05-07,0.8405827594305408
53741-01-31,0.8399779334144889
53743-10-28,0.834809808810497
53746-07-24,0.8361658807733331
53749-04-19,0.8376383651369669
53752-01-14,0.8363610315570416
53754-10-10,0.8293357453826564
53757-07-06,0.8198459621500089
53760-04-01,0.82058019623854
53762-12-27,0.8182765447862788
53765-09-22,0.8156088266313669
53768-06-18,0.8081210471624964
53771-03-15,0.8062386771998677
53773-12-09,0.802250016335079
53776-09-04,0.8029146371791627
53779-06-01,0.8031913647644463
53782-02-25,0.8073670001629385
53784-11-21,0.8100988974687577
53787-08-18,0.8101813886765152
53790-05-14,0.8154181770864299
53793-02-07,0.815701066846493
53795-11-04,0.8222861012451772
53798-07-31,0.8303752797306371
53801-04-27,0.8350372222383834
53804-01-22,0.8330474756969983
53806-10-18,0.8342366162051257
53809-07-14,0.8332018365924693
53812-04-09,0.8355892737100773
53815-01-04,0.8358624344324963
53817-09-30,0.8361968417668666
53820-06-26,0.8343974048437657
53823-03-23,0.8336012719354582
53825-12-17,0.834062068043472
53828-09-12,0.8331293601598252
53831-06-09,0.8246189621634967
53834-03-05,0.8243488716200831
53836-11-29,0.8248679248129579
53839-08-26,0.82234518413565
53842-05-22,0.8201426660189725
53845-02-15,0.8266930526415678
53847-11-12,0.8235387726046772
53850-08-08,0.8303147409579341
53853-05-04,0.8264764547706432
53856-01-29,0.8271632177120125
53858-10-25,0.8284483722000018
53861-07-21,0.8281958620117816
53864-04-16,0.8276115920817534
53867-01-11,0.8254095139812846
53869-10-07,0.8237502804478143
53872-07-03,0.8366780425577539
53875-03-30,0.8366170094531968
53877-12-24,0.8435888987329865
53880-09-19,0.8497484385279128
53883-06-16,0.8472473121845953
53886-03-12,0.8478791916069783
53888-12-06,0.8486333964445054
53891-09-02,0.8526263433416581
53894-05-29,0.8407972667099046
53897-02-22,0.8425426947086931
53899-11-19,0.8250056526660996
53902-08-16,0.828537281265918
53905-05-12,0.8287118750020416
53908-02-06,0.8333709523283215
53910-11-02,0.8293684441141665
53913-07-29,0.831567709838449
53916-04-24,0.8305784025048464
53919-01-19,0.835975206226353
53921-10-15,0.8357534126490797
53924-07-11,0.8343999701817852
53927-04-07,0.8374676736278185
53930-01-01,0.8381212372058428
53932-09-27,0.837784929456603
53935-06-24,0.8246876625360574
53938-03-20,0.8191763099129653
53940-12-14,0.8091411412658256
53943-09-10,0.8086829588705321
53946-06-06,0.8048717418179249
53949-03-02,0.8040463982485513
53951-11-27,0.8050140335625691
53954-08-23,0.8030665242264555
53957-05-19,0.8012784070971094
53960-02-13,0.8080428006474691
53962-11-09,0.8049349084643233
53965-08-05,0.7898202469957593
53968-05-01,0.7937694660925549
53971-01-26,0.7944897729818916
53973-10-22,0.7963894089085846
53976-07-18,0.7946415198956615
53979-04-14,0.8065604883101951
53982-01-08,0.8161111379006575
53984-10-04,0.8141003106999565
53987-07-01,0.8171472538391147
53990-03-27,0.8162930821591238
53992-12-21,0.8146999585054154
53995-09-17,0.8130323213699411
53998-06-13,0.8122864090467806
54001-03-09,0.8208486753126796
54003-12-04,0.8357144634581312
54006-08-30,0.8361346955569448
54009-05-26,0.8365058752745532
54012-02-20,0.8419661869791839
54014-11-16,0.840172157559324
54017-08-12,0.8384325300746865
54020-05-08,0.843437738054094
54023-02-02,0.8438527286084447
54025-10-29,0.8661097843921144
54028-07-25,0.8680189603495626
54031-04-21,0.8692098631816331
54034-01-15,0.8623233113244112
54036-10-11,0.8613833950986745
54039-07-08,0.8613145304432034
54042-04-03,0.8572558010878173
54044-12-28,0.85690467349141
54047-09-24,0.8574188430474964
54050-06-20,0.8578160988546616
54053-03-16,0.8552522629507315
54055-12-11,0.8538164573057867
54058-09-06,0.8546724028493436
54061-06-02,0.8546477305416805
54064-02-27,0.8657780638113473
54066-11-23,0.8653203024056229
54069-08-19,0.8664613492603288
54072-05-15,0.8670566520614309
54075-02-09,0.8666890737930197
54077-11-05,0.8659530074378082
54080-08-01,0.8643710900113794
54083-04-28,0.8650325325539182
54086-01-22,0.8670087845595046
54088-10-18,0.8678587011184483
54091-07-15,0.8639930464316271
54094-04-10,0.8674851893818382
54097-01-04,0.8637541774212236
54099-10-01,0.8714587391650247
54102-06-28,0.8695453915532038
54105-03-24,0.8692726951479851
54107-12-19,0.8701153681329742
54110-09-14,0.8696076712670344
54113-06-10,0.8703517824472653
54116-03-06,0.8689306437243259
54118-12-01,0.8559848865057058
54121-08-27,0.8543851943912333
54124-05-23,0.8512948347460234
54127-02-17,0.8538844493659526
54129-11-13,0.8733505520209298
54132-08-09,0.8740727429878887
54135-05-06,0.8739212054393266
54138-01-30,0.8719538451256893
54140-10-26,0.8932534165880422
54143-07-23,0.8935795466710195
54146-04-18,0.8935527028155482
54149-01-12,0.8938407806673722
54151-10-09,0.8975234849311752
54154-07-05,0.8946694642625325
54157-03-31,0.8980652027442617
54159-12-26,0.8962791773074453
54162-09-21,0.8961115416879067
54165-06-17,0.8915527270851169
54168-03-13,0.8911757301951758
54170-12-08,0.8915422247260474
54173-09-03,0.8944173729472938
54176-05-30,0.8935761939728812
54179-02-24,0.8927090288112839
54181-11-20,0.8926816537825827
54184-08-16,0.8930973517396754
54187-05-13,0.8937573078523294
54190-02-06,0.8943106835198906
54192-11-02,0.8940896329706582
54195-07-30,0.8952480364392015
54198-04-25,0.896556366763277
54201-01-20,0.8970622162214901
54203-10-17,0.8986762001457458
54206-07-13,0.8962746337512324
54209-04-08,0.8957704532098753
54212-01-03,0.89554505143031
54214-09-29,0.8966346724543466
54217-06-25,0.8941479667760873
54220-03-21,0.8963204374742753
54222-12-16,0.8962642465814592
54225-09-11,0.8976602770263853
54228-06-07,0.8953835204871261
54231-03-04,0.9001146898069111
54233-11-28,0.8991875593040862
54236-08-24,0.9030023791831895
54239-05-21,0.9038969568124874
54242-02-14,0.9054257463872117
54244-11-10,0.9097112922468275
54247-08-07,0.9092931588605352
54250-05-03,0.9090769520429934
54253-01-27,0.90963232844758
54255-10-24,0.9093987789761218
54258-07-20,0.9091330581917809
54261-04-15,0.9098052509905354
54264-01-10,0.911191259983812
54266-10-06,0.9111302797500908
54269-07-02,0.9106363582314763
54272-03-28,0.900825388596219
54274-12-23,0.8995673590395689
54277-09-18,0.898948184509798
54280-06-14,0.9101519868173757
54283-03-11,0.9106504662944509
54285-12-05,0.9139680167306845
54288-08-31,0.9173404248688436
54291-05-28,0.920673215496433
54294-02-21,0.9212127167610221
54296-11-17,0.9218813649045792
54299-08-14,0.9224726208540399
54302-05-11,0.9253570919752093
54305-02-04,0.9250011553730855
54307-11-01,0.9269406095765534
54310-07-28,0.9218460906466037
54313-04-23,0.9223799785747128
54316-01-18,0.9227709601010956
54318-10-14,0.9235864997248036
54321-07-10,0.9326550899381345
54324-04-05,0.9358999683099161
54326-12-31,0.9350244446806109
54329-09-26,0.9244996165481214
54332-06-22,0.9240282631751711
54335-03-19,0.9248260828610759
54337-12-13,0.9258855776698813
54340-09-08,0.9279298148700827
54343-06-05,0.9278800697573408
54346-03-01,0.9261440997420841
54348-11-25,0.9294448525656515
54351-08-22,0.9297632965560523
54354-05-18,0.92888211436726
54357-02-11,0.9303490175482215
54359-11-08,0.9304601481213688
54362-08-04,0.9295064668334821
54365-04-30,0.9306919859436826
54368-01-25,0.920908419599686
54370-10-21,0.9208608763400186
54373-07-17,0.9195893029259027
54376-04-12,0.9154870757743142
54379-01-07,0.9207367431103302
54381-10-03,0.9176508731574285
54384-06-29,0.9190455487959382
54387-03-26,0.9157680116707454
54389-12-20,0.9163349206100081
54392-09-15,0.9160523834453582
54395-06-12,0.9162619539450341
54398-03-08,0.9151014615862735
54400-12-02,0.9151781518059775
54403-08-29,0.9144927720314545
54406-05-25,0.9143235004901208
54409-02-18,0.912909082979966
54411-11-15,0.9060644031923895
54414-08-11,0.9093518346375785
54417-05-07,0.924033748018249
54420-02-01,0.9212264834325148
54422-10-28,0.9227888324310306
54425-07-24,0.9281951719421466
54428-04-19,0.9278186227841658
54431-01-14,0.9299725904622081
54433-10-10,0.9339301504937213
54436-07-06,0.9336934076739994
54439-04-02,0.9334094883612232
54441-12-27,0.9323896837218693
54444-09-22,0.9341347559503874
54447-06-19,0.926996785061922
54450-03-15,0.9264326407833541
54452-12-09,0.9262583872890393
54455-09-05,0.9259411762688564
54458-06-01,0.9258241146330896
54461-02-25,0.9242093345845306
54463-11-22,0.9250505343300912
54466-08-18,0.922975138693992
54469-05-14,0.9226067500162982
54472-02-08,0.9226635699773178
54474-11-04,0.9242809052267867
54477-07-31,0.9229076758716896
54480-04-26,0.9225640523657256
54483-01-21,0.9242855647832139
54485-10-17,0.9235798659248212
54488-07-13,0.9235790155060469
54491-04-09,0.9226131462947715
54494-01-03,0.9231219194690792
54496-09-29,0.9226917155386342
54499-06-26,0.9241249141485155
54502-03-23,0.9208402692649564
54504-12-17,0.9209091333562833
54507-09-13,0.9119223593768903
54510-06-09,0.9116041413920074
54513-03-05,0.9112031305354878
54515-11-30,0.8995785706731185
54518-08-26,0.8993897457997433
54521-05-22,0.8976823457022794
54524-02-16,0.8978184940581825
54526-11-12,0.8970977561702174
54529-08-08,0.8960969636141468
54532-05-04,0.8961978168409713
54535-01-29,0.8958105465942579
54537-10-25,0.9005039882211063
54540-07-21,0.9012951640773204
54543-04-17,0.9010514495542091
54546-01-11,0.9004455684996983
54548-10-07,0.9004031458723017
54551-07-04,0.8989547541495015
54554-03-30,0.8973631529851548
54556-12-24,0.8983593504367304
54559-09-20,0.8982647353056424
54562-06-16,0.898000803573416
54565-03-12,0.8975586344827747
54567-12-07,0.8948298382950971
54570-09-02,0.894634319579357
54573-05-29,0.8922706825817136
54576-02-23,0.8980520324927247
54578-11-19,0.8977876251765424
54581-08-15,0.8983423212595828
54584-05-11,0.8979501547892021
54587-02-05,0.8960793214689754
54589-11-01,0.8956200180588477
54592-07-28,0.8928774427214795
54595-04-24,0.8928041265685785
54598-01-18,0.892722965287135
54600-10-15,0.9001683335500568
54603-07-12,0.8962724315551455
54606-04-07,0.8966924777860752
54609-01-01,0.8976978614543848
54611-09-28,0.8980192341245583
54614-06-24,0.9050074919120256
54617-03-20,0.905041495222479
54619-12-15,0.9071001055125693
54622-09-10,0.9073266352007882
54625-06-06,0.9040519584481252
54628-03-02,0.9071961366989659
54630-11-27,0.9063284724004163
54633-08-23,0.9076728151965355
54636-05-19,0.9073168134477008
54639-02-13,0.9072498639698388
54641-11-09,0.907240612257474
54644-08-05,0.9103583427319946
54647-05-02,0.9090281797180987
54650-01-26,0.9088217106559441
54652-10-22,0.9095405863059094
54655-07-19,0.9096542864301955
54658-04-14,0.8979251268630594
54661-01-08,0.8968107341006113
54663-10-05,0.8874092281255669
54666-07-01,0.8777376913981666
54669-03-27,0.8763240108547614
54671-12-22,0.862133531389151
54674-09-17,0.8555580154385298
54677-06-13,0.8471242720918357
54680-03-09,0.8366144822813566
54682-12-04,0.8370286794333116
54685-08-30,0.8372251075131318
54688-05-26,0.8361260161375436
54691-02-20,0.8306199980832946
54693-11-16,0.8389205478535178
54696-08-12,0.8387237816470703
54699-05-09,0.8373573469762297
54702-02-03,0.8375876493528998
54704-10-30,0.8374157863279944
54707-07-27,0.8388196293036655
54710-04-22,0.8380923126950417
54713-01-16,0.839904173385247
54715-10-13,0.8400099802416818
54718-07-09,0.8400230972651194
54721-04-04,0.8366674469858633
54723-12-30,0.8378962877144708
54726-09-25,0.8368791832999162
54729-06-21,0.8372909055667297
54732-03-17,0.8377044884395185
54734-12-12,0.8376323555136072
54737-09-07,0.8361502788773127
54740-06-03,0.8326187350258837
54743-02-28,0.830904203793971
54745-11-24,0.8266640960263919
54748-08-20,0.8282571192286203
54751-05-17,0.8265300210043207
54754-02-10,0.833348379004382
54756-11-06,0.8334516722163732
54759-08-03,0.8213679662178989
54762-04-29,0.8436050992301479
54765-01-23,0.8437472940859123
54767-10-20,0.8479193408439386
54770-07-16,0.8472847815942737
54773-04-11,0.8490301374786207
54776-01-06,0.8499879275818977
54778-10-02,0.8435006169968277
54781-06-28,0.8439922750387729
54784-03-24,0.8316711041482796
54786-12-19,0.8311772393217073
54789-09-14,0.832417143272826
54792-06-10,0.8332306616046671
54795-03-07,0.8323638567547824
54797-12-01,0.8349238637594792
54800-08-27,0.8358205304796079
54803-05-24,0.8357331639499159
54806-02-17,0.8359440296209318
54808-11-13,0.8348241507602129
54811-08-10,0.8399753138931992
54814-05-06,0.8385242967244602
54817-01-30,0.8371666676932467
54819-10-27,0.8339352837464543
54822-07-23,0.856930732976437
54825-04-18,0.8850255600557815
54828-01-13,0.8968349517606518
54830-10-09,0.8945018463246639
54833-07-05,0.8952365758807688
54836-03-31,0.8954636104357726
54838-12-26,0.8956262957355601
54841-09-21,0.8950992826793527
54844-06-17,0.8955360736663213
54847-03-14,0.8850477538875875
54849-12-08,0.8890522788530707
54852-09-03,0.8885699717212059
54855-05-31,0.8881964352268066
54858-02-24,0.8887308271076232
54860-11-20,0.8893012498981072
54863-08-17,0.8900553431853341
54866-05-13,0.8857329655296776
54869-02-06,0.8856759055973508
54871-11-03,0.8849021923466897
54874-07-30,0.8843071589546622
54877-04-25,0.8847181398833887
54880-01-20,0.8840241610175308
54882-10-16,0.8868767263097662
54885-07-12,0.8870075329396173
54888-04-07,0.8870556806801984
54891-01-02,0.8856540694996461
54893-09-28,0.8893367370963576
54896-06-24,0.8911777686319425
54899-03-21,0.8903436260882267
54901-12-16,0.8904233545281417
54904-09-11,0.9091423020069862
54907-06-08,0.9090223434346059
54910-03-04,0.9097304319491487
54912-11-28,0.9214988475277288
54915-08-25,0.9298166529448175
54918-05-21,0.9331106925823797
54921-02-14,0.9431084604365979
54923-11-11,0.9469153939414711
54926-08-07,0.9473358481789839
54929-05-03,0.951271853730115
54932-01-28,0.9523502602025938
54934-10-24,0.9517612778879362
54937-07-20,0.954072214195712
54940-04-15,0.9531192627839387
54943-01-10,0.9532974913259806
54945-10-06,0.9543921200810667
54948-07-02,0.9545239980033925
54951-03-29,0.954196085487629
54953-12-23,0.9542608899138069
54956-09-18,0.9554657103935651
54959-06-15,0.9562581745307794
54962-03-11,0.9563933972764186
54964-12-05,0.9564711026154714
54967-09-01,0.9565815283766695
54970-05-28,0.9563673587040105
54973-02-21,0.9580839933944402
54975-11-18,0.958124226244573
54978-08-14,0.9579795565943824
54981-05-10,0.9585363818973565
54984-02-04,0.9586351534526357
54986-10-31,0.9585587513279663
54989-07-27,0.9585257331544279
54992-04-22,0.9577424691585235
54995-01-17,0.9572251986619824
54997-10-13,0.9595507732612544
55000-07-10,0.951449296650163
55003-04-06,0.9417905226703887
55005-12-31,0.9433817006945519
55008-09-26,0.9431396355859603
55011-06-23,0.9429931657792731
55014-03-19,0.9428936559233846
55016-12-13,0.9433207954042643
55019-09-09,0.9435319105907061
55022-06-05,0.9417562861965522
55025-03-01,0.9397661068813865
55027-11-26,0.9395753577170752
55030-08-22,0.940039964644571
55033-05-18,0.9388790689475831
55036-02-12,0.9384347628397662
55038-11-08,0.9384020700149089
55041-08-04,0.9404984100831564
55044-04-30,0.9400963658516124
55047-01-25,0.9407170505954088
55049-10-21,0.9416929155370097
55052-07-17,0.9419702994685732
55055-04-13,0.9425065947520666
55058-01-07,0.940292225648125
55060-10-03,0.9405496152605051
55063-06-30,0.9401864619174912
55066-03-26,0.941903567521559
55068-12-20,0.9320468304946
55071-09-16,0.9017348449873669
55074-06-12,0.8741729994845187
55077-03-08,0.8906911984160574
55079-12-03,0.8896971777451269
55082-08-29,0.8886656467566061
55085-05-25,0.8880701114183582
55088-02-19,0.8890204556556385
55090-11-15,0.8889708857287605
55093-08-11,0.8896122010603462
55096-05-07,0.8892178760666609
55099-02-01,0.8892359298155353
55101-10-29,0.8911910801986642
55104-07-25,0.8885524543851574
55107-04-21,0.886666552227902
55110-01-15,0.8873993265353545
55112-10-11,0.8899549632033823
55115-07-08,0.8875992072788417
55118-04-03,0.8893146166208769
55120-12-28,0.889344348629145
55123-09-24,0.8886623128614796
55126-06-20,0.8923161116965402
55129-03-16,0.8893219270695094
55131-12-11,0.8888134326315762
55134-09-06,0.8895089541818487
55137-06-02,0.8980689195154637
55140-02-27,0.8995826133811798
55142-11-23,0.8992338660463454
55145-08-19,0.8991595718326691
55148-05-15,0.8988234877098137
55151-02-09,0.8994473133371083
55153-11-05,0.9065539037417049
55156-08-01,0.9066478093254184
55159-04-28,0.9056837859519924
55162-01-22,0.912283479146017
55164-10-18,0.9061857738622318
55167-07-15,0.9068159714851614
55170-04-10,0.9055065860935256
55173-01-04,0.9073754709002213
55175-10-01,0.9110043747490131
55178-06-27,0.9115587322941137
55181-03-23,0.9073652263511116
55183-12-18,0.9066145898828678
55186-09-13,0.902441545292616
55189-06-09,0.9044897405998695
55192-03-05,0.9059614289287556
55194-11-30,0.9077016407187782
55197-08-26,0.9076536912572756
55200-05-22,0.9079751101204527
55203-02-16,0.9092470849186483
55205-11-12,0.9039195496764441
55208-08-08,0.9000490838124376
55211-05-05,0.8991090312421031
55214-01-29,0.8991622666511606
55216-10-25,0.8991919830927078
55219-07-22,0.9000742122690206
55222-04-17,0.8966686366698013
55225-01-11,0.8979279666790835
55227-10-08,0.8950976094244377
55230-07-04,0.8948215439006143
55233-03-30,0.8948993800743258
55235-12-25,0.8951898868398317
55238-09-20,0.897791316051711
55241-06-16,0.8973930275979912
55244-03-12,0.8927119484390579
55246-12-07,0.891881983728194
55249-09-02,0.8901050312572686
55252-05-29,0.8773104282571595
55255-02-23,0.8776502176735469
55257-11-19,0.8762426338470422
55260-08-15,0.8770656542504214
55263-05-12,0.8749395167778135
55266-02-05,0.8783667626841014
55268-11-01,0.8673224486267476
55271-07-29,0.8731831115574016
55274-04-24,0.873411680238141
55277-01-18,0.8740356329616767
55279-10-15,0.8779926135324858
55282-07-11,0.8777482077247216
55285-04-06,0.8776921680295101
55288-01-01,0.8778220388714337
55290-09-27,0.8787526151285852
55293-06-23,0.8770291569983362
55296-03-19,0.8716755165168233
55298-12-14,0.8707839926628879
55301-09-10,0.8705907587894711
55304-06-06,0.8714390007456301
55307-03-03,0.8729029477001807
55309-11-27,0.8669914775134459
55312-08-23,0.864800016605752
55315-05-20,0.8650520592651171
55318-02-13,0.8642578163049085
55320-11-09,0.8639127940460498
55323-08-06,0.8578335751138616
55326-05-02,0.859644762739636
55329-01-26,0.8583164691717399
55331-10-23,0.858744431270284
55334-07-19,0.8588384677079283
55337-04-14,0.8590502878210875
55340-01-09,0.84651334658364
55342-10-05,0.8441039871406382
55345-07-01,0.8414396192675594
55348-03-27,0.8414193900373218
55350-12-22,0.8415090669498455
55353-09-17,0.8414885141107435
55356-06-13,0.8409032519526836
55359-03-10,0.8409420658797503
55361-12-04,0.8449854896713438
55364-08-30,0.8430421732909148
55367-05-27,0.8434000810170914
55370-02-20,0.8430621771520593
55372-11-16,0.8472004420170776
55375-08-13,0.8466685832384545
55378-05-09,0.8463824776364778
55381-02-02,0.8468292088666376
55383-10-30,0.840233687094235
55386-07-26,0.8405752487111032
55389-04-21,0.8409795466985568
55392-01-16,0.8409422802057827
55394-10-12,0.8465546142557274
55397-07-08,0.8484772072181184
55400-04-04,0.8401351890737958
55402-12-30,0.8398589714013954
55405-09-25,0.840895473129191
55408-06-21,0.8269856811417686
55411-03-18,0.8208324192619236
55413-12-12,0.8201111281679058
55416-09-07,0.8195223400947252
55419-06-04,0.8234568934047674
55422-02-28,0.8094661226426932
55424-11-24,0.8119599156479741
55427-08-21,0.8182327919307846
55430-05-17,0.8195712564273273
55433-02-10,0.8207565247753755
55435-11-07,0.8162765235958132
55438-08-03,0.8207846158074193
55441-04-29,0.8164183247407384
55444-01-24,0.8151025015465463
55446-10-20,0.8140904954488278
55449-07-16,0.8074924715526544
55452-04-11,0.8127250639071372
55455-01-06,0.8197577515224914
55457-10-02,0.8231556997659949
55460-06-28,0.8228603099548697
55463-03-25,0.80813943225326
55465-12-19,0.8068527538310434
55468-09-14,0.8116721883460187
55471-06-11,0.8126709586011884
55474-03-07,0.8166870395128132
55476-12-01,0.8180513779116386
55479-08-28,0.8198609101560912
55482-05-24,0.8211229852356727
55485-02-17,0.8215314907971797
55487-11-14,0.8208621319512653
55490-08-10,0.8302009962718676
55493-05-06,0.8360178782104153
55496-01-31,0.8410048655851454
55498-10-27,0.8547885353372456
55501-07-24,0.8580463180580573
55504-04-19,0.8596307693965295
55507-01-14,0.8591235761949483
55509-10-10,0.8612984533222368
55512-07-06,0.8512343616444681
55515-04-02,0.8583320017586221
55517-12-27,0.8522272944784254
55520-09-22,0.8517160628446266
55523-06-19,0.8510635815251704
55526-03-15,0.8517381488451519
55528-12-09,0.8540732255875564
55531-09-05,0.8541946336842647
55534-06-01,0.8541158602884005
55537-02-25,0.8541103211589332
55539-11-22,0.8556875136350767
55542-08-18,0.8598327914035245
55545-05-14,0.8623121268278373
55548-02-08,0.8606678331401157
55550-11-04,0.8598727812148662
55553-07-31,0.8612392305048902
55556-04-26,0.8701704091325664
55559-01-21,0.8738463461109369
55561-10-17,0.872712873018875
55564-07-13,0.8749704642961845
55567-04-09,0.874746914154483
55570-01-03,0.8755336671079853
55572-09-29,0.872441465891993
55575-06-26,0.8754495745390554
55578-03-22,0.8757852808720066
55580-12-16,0.8758187780929145
55583-09-12,0.8756334890959097
55586-06-08,0.8771327847388773
55589-03-04,0.8804302261817092
55591-11-29,0.8814696033609577
55594-08-25,0.8987825853075891
55597-05-21,0.8980229746659212
55600-02-15,0.8981144837205205
55602-11-11,0.8978136887530344
55605-08-07,0.8968683039816384
55608-05-03,0.8915894345157984
55611-01-28,0.8908796770801073
55613-10-24,0.8909865029973882
55616-07-20,0.8911517475804632
55619-04-16,0.8850982053650585
55622-01-10,0.8850298956644088
55624-10-06,0.8854579785900458
55627-07-03,0.8906593438444214
55630-03-29,0.8920756186500806
55632-12-23,0.8929955284438145
55635-09-19,0.8928491564416218
55638-06-15,0.8928016799851333
55641-03-11,0.8879068333427129
55643-12-06,0.8839789501728765
55646-09-01,0.881366581896954
55649-05-28,0.8811831553382538
55652-02-22,0.8806430950196273
55654-11-18,0.8828039334511183
55657-08-14,0.8828298728407481
55660-05-10,0.8822867132279755
55663-02-04,0.8840331197055308
55665-10-31,0.885635745779752
55668-07-27,0.8861198228938638
55671-04-23,0.8834075240440649
55674-01-17,0.8827212500066384
55676-10-13,0.8827752099616232
55679-07-10,0.8829266015845736
55682-04-05,0.8847632573497889
55684-12-30,0.8692209078518252
55687-09-26,0.8683277612616472
55690-06-22,0.8735139536571781
55693-03-18,0.873178418490734
55695-12-13,0.8768312135956416
55698-09-08,0.8793867554250319
55701-06-05,0.8780696759259906
55704-03-01,0.8764535949902785
55706-11-26,0.8754084265017875
55709-08-22,0.9093145959952001
55712-05-18,0.9073456136854575
55715-02-12,0.9079214444968617
55717-11-08,0.9138109619924341
55720-08-04,0.9073529404772994
55723-05-01,0.907308120030178
55726-01-25,0.9011146145821697
55728-10-21,0.9004445296107779
55731-07-18,0.9020830716769411
55734-04-13,0.9013464493298411
55737-01-07,0.9009459543928342
55739-10-04,0.8970290511595581
55742-06-30,0.8976516573998283
55745-03-26,0.8993152694404252
55747-12-21,0.8920454697154097
55750-09-16,0.8917865529434535
55753-06-12,0.891667057841377
55756-03-08,0.8905576980339586
55758-12-03,0.8892095875579782
55761-08-29,0.884779044374739
55764-05-25,0.8854612061020157
55767-02-19,0.8839361390128102
55769-11-15,0.8880022532276599
55772-08-11,0.8867918222323654
55775-05-08,0.8793626497481755
55778-02-01,0.8873993710878115
55780-10-28,0.8872351815920861
55783-07-25,0.8850463646147672
55786-04-20,0.8789547433095842
55789-01-14,0.8793599406475682
55791-10-11,0.8793556308138714
55794-07-07,0.8797762791395907
55797-04-02,0.8774579820787646
55799-12-28,0.8761498452343338
55802-09-24,0.877526864622333
55805-06-20,0.8771586981238243
55808-03-16,0.8677785568649611
55810-12-11,0.867828728623989
55813-09-06,0.8605673724008306
55816-06-02,0.8590980487396104
55819-02-27,0.8558026602872447
55821-11-23,0.8559155069062856
55824-08-19,0.7845697482290935
55827-05-16,0.7705982244749899
55830-02-09,0.770675210213205
55832-11-05,0.7707938560515508
55835-08-02,0.764893569094263
55838-04-28,0.7695796872905497
55841-01-22,0.741651909175625
55843-10-19,0.7570066409942675
55846-07-15,0.7559428424249078
55849-04-10,0.7563344907576668
55852-01-05,0.7584543728742467
55854-10-01,0.7592252504525229
55857-06-27,0.772237822266732
55860-03-23,0.7823920905518313
55862-12-18,0.7820718406190424
55865-09-13,0.7821004137110482
55868-06-09,0.7823461611473154
55871-03-06,0.7830530589781358
55873-11-30,0.7738358468100915
55876-08-26,0.7727417823277163
55879-05-23,0.7657430069623247
55882-02-16,0.7620321894919908
55884-11-12,0.7632556109744064
55887-08-09,0.7641264062335298
55890-05-05,0.7644589592310963
55893-01-29,0.761796019799752
55895-10-26,0.7592039093364671
55898-07-22,0.7596215572351543
55901-04-18,0.7187939649755949
55904-01-13,0.7156783025894309
55906-10-09,0.716030042347504
55909-07-05,0.7065052762756244
55912-03-31,0.7269636729673857
55914-12-26,0.7253975504052252
55917-09-21,0.7280729920519499
55920-06-17,0.72494255973986
55923-03-14,0.731683581905149
55925-12-08,0.7313455533851446
55928-09-03,0.7329477424771746
55931-05-31,0.7318385086325623
55934-02-24,0.7328411958791914
55936-11-20,0.7267448554794025
55939-08-17,0.7257344290509797
55942-05-13,0.7163122147085691
55945-02-06,0.7161392055734738
55947-11-03,0.7191667481228062
55950-07-30,0.7190888774875922
55953-04-25,0.7218189916756539
55956-01-20,0.7136047406284334
55958-10-16,0.7171661506767188
55961-07-12,0.7191203331073693
55964-04-07,0.7133066115589087
55967-01-02,0.7097424663360342
55969-09-28,0.713464222460533
55972-06-24,0.7142749197888875
55975-03-21,0.7301611818617313
55977-12-15,0.7315226860455764
55980-09-10,0.7315371325064022
55983-06-07,0.7319728141745098
55986-03-03,0.7309908373794182
55988-11-27,0.7396318913253193
55991-08-24,0.7373135526251573
55994-05-20,0.6994826133490858
55997-02-13,0.6967784457900653
55999-11-10,0.7000390908728231
56002-08-06,0.6984079342780961
56005-05-02,0.7036500206560847
56008-01-27,0.704720126171327
56010-10-23,0.7048109486056767
56013-07-19,0.7066208026277331
56016-04-14,0.709042188543268
56019-01-09,0.7090605064583947
56021-10-05,0.7103013212178426
56024-07-01,0.7003294877164731
56027-03-28,0.7166497892741491
56029-12-22,0.7093349429976598
56032-09-17,0.7111684029882023
56035-06-14,0.710732704810579
56038-03-10,0.7099278118088875
56040-12-04,0.7092869372503187
56043-08-31,0.7099098970250333
56046-05-27,0.7124728437055232
56049-02-20,0.7091386692970538
56051-11-17,0.7077587279750227
56054-08-13,0.7114410301543033
56057-05-09,0.7111130237210758
56060-02-03,0.7137208433031627
56062-10-30,0.71367382251515
56065-07-26,0.7158221236137161
56068-04-21,0.7150884610103626
56071-01-16,0.7376462923607541
56073-10-12,0.7433589608538969
56076-07-08,0.7458725660034136
56079-04-04,0.7455638244559768
56081-12-29,0.7483372480178019
56084-09-24,0.7475487076812898
56087-06-21,0.7437068406939263
56090-03-17,0.740283977022327
56092-12-11,0.7400223460865826
56095-09-07,0.7391073502907487
56098-06-03,0.737867578947776
56101-02-28,0.735711803508574
56103-11-25,0.7185073673190813
56106-08-21,0.7059191744723137
56109-05-17,0.7067855865182289
56112-02-11,0.7058265119176823
56114-11-07,0.7072368017652518
56117-08-03,0.7074995042855952
56120-04-29,0.699988564524815
56123-01-24,0.6955874160785279
56125-10-20,0.6943029137180587
56128-07-16,0.6959242729057794
56131-04-12,0.6971087852360842
56134-01-06,0.6977290886359507
56136-10-02,0.6978322958335943
56139-06-29,0.6993886150568642
56142-03-25,0.7027091613764411
56144-12-19,0.6995535607780077
56147-09-15,0.7274924439425923
56150-06-11,0.730145655556323
56153-03-07,0.7277889008313806
56155-12-02,0.7277946950665534
56158-08-28,0.7086881539054478
56161-05-24,0.7171165427809558
56164-02-18,0.7161017159770565
56166-11-14,0.7169825558021617
56169-08-10,0.7163189823326664
56172-05-06,0.7219337136429125
56175-01-31,0.7379090927222032
56177-10-27,0.7431922053695265
56180-07-23,0.7420668774483538
56183-04-19,0.7754789545790004
56186-01-13,0.7978334250318465
56188-10-09,0.8003295983743736
56191-07-06,0.8020425023532284
56194-04-01,0.8009155015961119
56196-12-26,0.803711617952808
56199-09-22,0.8049180137221114
56202-06-19,0.81066788903229
56205-03-15,0.8095892133901041
56207-12-10,0.8092052050841871
56210-09-05,0.8099656828162486
56213-06-01,0.8101797541049262
56216-02-26,0.8093746500585763
56218-11-22,0.8121659369642971
56221-08-18,0.8151927070927932
56224-05-14,0.8142273456414957
56227-02-08,0.8095849144166161
56229-11-04,0.8094780277916922
56232-07-31,0.8095381694977317
56235-04-27,0.8034334148238176
56238-01-21,0.8050652625953825
56240-10-17,0.83888296854782
56243-07-14,0.8409212660387817
56246-04-09,0.8455924677658349
56249-01-03,0.8503245132088278
56251-09-30,0.8537200349806581
56254-06-26,0.8530696150152609
56257-03-22,0.8526239847275643
56259-12-17,0.8522116836723022
56262-09-12,0.8533684945897536
56265-06-08,0.854132018191318
56268-03-04,0.8540914625295445
56270-11-29,0.8535326914640583
56273-08-25,0.8481908497770684
56276-05-21,0.8543702657880495
56279-02-15,0.853578893152216
56281-11-11,0.8545481556318538
56284-08-07,0.8561059253823318
56287-05-04,0.8564139274413581
56290-01-28,0.847120866685315
56292-10-24,0.8459528107822177
56295-07-21,0.8448510496508617
56298-04-16,0.8510600687250459
56301-01-11,0.8487082802290167
56303-10-08,0.8485151888404557
56306-07-04,0.8484901425783056
56309-03-30,0.8482146423012227
56311-12-25,0.848135401461831
56314-09-20,0.8503588017810513
56317-06-16,0.8503714807378588
56320-03-12,0.8526324718444288
56322-12-07,0.8523547363381826
56325-09-02,0.8550587122404073
56328-05-29,0.8553097716218758
56331-02-23,0.8553504378280733
56333-11-19,0.8544403008009059
56336-08-15,0.8527448522436614
56339-05-12,0.8569990699633214
56342-02-05,0.8575839400283601
56344-11-01,0.8571784428304062
56347-07-29,0.8587056677438956
56350-04-24,0.8631257559988529
56353-01-18,0.8477665270194558
56355-10-15,0.8367703276276435
56358-07-11,0.8377610280316804
56361-04-06,0.833803831291961
56364-01-01,0.83175429626252
56366-09-27,0.8359198440751392
56369-06-23,0.835047090199328
56372-03-19,0.8372197113052113
56374-12-14,0.8451770720022799
56377-09-09,0.8454246068748101
56380-06-05,0.8437128575891005
56383-03-02,0.8426156542736207
56385-11-26,0.8419169979825257
56388-08-22,0.8474094965914504
56391-05-19,0.8572716972911092
56394-02-12,0.8552935465743942
56396-11-08,0.855152273304894
56399-08-05,0.8562468260045021
56402-05-01,0.8570055617622069
56405-01-25,0.8581297816648836
56407-10-22,0.8554046352151297
56410-07-18,0.8552721433551277
56413-04-13,0.8585971869587089
56416-01-08,0.8580444272630474
56418-10-04,0.8574736681828073
56421-06-30,0.8520946950580508
56424-03-26,0.8504581093353101
56426-12-21,0.8512872911829018
56429-09-16,0.8316339295030052
56432-06-12,0.8097144520579341
56435-03-09,0.8125598738735569
56437-12-03,0.809483303720174
56440-08-29,0.8085938103193785
56443-05-26,0.8069524097066606
56446-02-19,0.8046267881878605
56448-11-15,0.7997757940583953
56451-08-12,0.7994113649654656
56454-05-08,0.7984750197236831
56457-02-01,0.7989815220688061
56459-10-29,0.799963195109978
56462-07-25,0.7964299664551021
56465-04-20,0.7940503847414271
56468-01-15,0.7824764362229951
56470-10-11,0.782146799800257
56473-07-07,0.7945055421517531
56476-04-02,0.8057219182463922
56478-12-28,0.8049246786098697
56481-09-23,0.8077043638637619
56484-06-19,0.8079765215247944
56487-03-16,0.8049497768809035
56489-12-10,0.8056199274414867
56492-09-05,0.8040306707063994
56495-06-02,0.7977219430464179
56498-02-26,0.7878305776652731
56500-11-23,0.7837350740358838
56503-08-20,0.786081374767262
56506-05-16,0.800860172693512
56509-02-09,0.7962207260260736
56511-11-06,0.7961800689918059
56514-08-02,0.7959890605737322
56517-04-28,0.7929021525982372
56520-01-23,0.79285093015531
56522-10-19,0.7925751668092925
56525-07-15,0.7930446632893575
56528-04-10,0.7821126816792043
56531-01-05,0.7783042662448925
56533-10-01,0.7620340622400353
56536-06-27,0.77504788516081
56539-03-24,0.7754120016424427
56541-12-18,0.7797554215643929
56544-09-13,0.7580296974660559
56547-06-10,0.7625146712837643
56550-03-06,0.7629095598023174
56552-11-30,0.7599301433897637
56555-08-27,0.7759453936783096
56558-05-23,0.7765649048706474
56561-02-16,0.7846338679868273
56563-11-13,0.805582596612535
56566-08-09,0.8040114008303322
56569-05-05,0.8025627466597578
56572-01-30,0.8328528659108303
56574-10-26,0.8331588995873113
56577-07-22,0.8331814916448684
56580-04-17,0.8330086206454772
56583-01-12,0.8255164022196378
56585-10-08,0.8215243454063957
56588-07-04,0.8191025752288457
56591-03-31,0.8175649276431259
56593-12-25,0.816847211231602
56596-09-20,0.8167632777036365
56599-06-17,0.8057886566993298
56602-03-14,0.8232630973740248
56604-12-08,0.8224913872386045
56607-09-04,0.8298225172702687
56610-05-31,0.8314029002582431
56613-02-24,0.8373639592711605
56615-11-21,0.8441115817977533
56618-08-17,0.8433558351566163
56621-05-13,0.8441764671873149
56624-02-07,0.8516266093804756
56626-11-03,0.8456991545887933
56629-07-30,0.8477369197936693
56632-04-25,0.848041214372614
56635-01-20,0.8482362982240121
56637-10-16,0.8514373847412541
56640-07-12,0.8545699210783494
56643-04-08,0.8559811417587118
56646-01-02,0.8563708981171603
56648-09-28,0.8569591238131685
56651-06-25,0.8601616563199198
56654-03-21,0.8588547601158061
56656-12-15,0.8593878445733785
56659-09-11,0.85800064231524
56662-06-07,0.8577719635703732
56665-03-03,0.856627289209749
56667-11-28,0.8585264788139622
56670-08-24,0.8623601710146281
56673-05-20,0.8625176936147141
56676-02-14,0.8638767084961351
56678-11-10,0.8647305444694567
56681-08-06,0.8680324345186899
56684-05-02,0.8684535292652348
56687-01-27,0.8698637398517033
56689-10-23,0.8648208411383833
56692-07-19,0.862882196256295
56695-04-15,0.8677226702554619
56698-01-09,0.8634887106360737
56700-10-06,0.863830385728879
56703-07-03,0.8643084930521194
56706-03-29,0.8642070073036989
56708-12-23,0.8638134410066856
56711-09-19,0.8637355090101224
56714-06-15,0.8637563620188735
56717-03-11,0.8625716702105181
56719-12-06,0.8644519858228308
56722-09-01,0.8554739768593513
56725-05-28,0.8557196813416886
56728-02-22,0.8553639130503468
56730-11-18,0.8526169753133
56733-08-14,0.8528688175151936
56736-05-10,0.8523462289892223
56739-02-04,0.8537826958324233
56741-10-31,0.8554075686662426
56744-07-27,0.8539742368904589
56747-04-23,0.8538375616211967
56750-01-17,0.8532028726340621
56752-10-13,0.8444910984124371
56755-07-10,0.8515790465111192
56758-04-05,0.8488382093089207
56760-12-30,0.8500524022009777
56763-09-26,0.8508281331200117
56766-06-22,0.8511954654036582
56769-03-18,0.8512536691710743
56771-12-13,0.8490857830451846
56774-09-08,0.8594787264317557
56777-06-04,0.8614551913653707
56780-02-29,0.8732564464447737
56782-11-25,0.8700433368968341
56785-08-21,0.8711756684860174
56788-05-17,0.8706739080837335
56791-02-11,0.8800941714050032
56793-11-07,0.8807587672904308
56796-08-03,0.8822042211441574
56799-04-30,0.8824206331582192
56802-01-24,0.8784456994685725
56804-10-20,0.8771449729065517
56807-07-17,0.8733575187721347
56810-04-12,0.8591824404629667
56813-01-06,0.8620231793035625
56815-10-03,0.8629664580917942
56818-06-29,0.8508852304038518
56821-03-25,0.8320308299384443
56823-12-20,0.8315702106114338
56826-09-15,0.8194225835895704
56829-06-11,0.8245230910097423
56832-03-07,0.8240213483728098
56834-12-02,0.8238798465325583
56837-08-28,0.8096123849175564
56840-05-24,0.8149153247052096
56843-02-18,0.8091944167046161
56845-11-14,0.809015769410216
56848-08-10,0.8096596982211618
56851-05-07,0.80322997334202
56854-01-31,0.7886084220829961
56856-10-27,0.7837117773801997
56859-07-24,0.7799469895366996
56862-04-19,0.7793833386050621
56865-01-13,0.7719056540484959
56867-10-10,0.7696749821424494
56870-07-06,0.7178677722281019
56873-04-01,0.7271799531560643
56875-12-27,0.7319419421241095
56878-09-22,0.7318514629834975
56881-06-18,0.7303913909859512
56884-03-14,0.7148001413098531
56886-12-09,0.7105598780088802
56889-09-04,0.7054075688829624
56892-05-31,0.7055456987662608
56895-02-25,0.7023243194523934
56897-11-21,0.6898635806460939
56900-08-18,0.6947860312277183
56903-05-15,0.6949110898919827
56906-02-08,0.6930571204343042
56908-11-04,0.7070046859193171
56911-08-01,0.7073323764253776
56914-04-27,0.7152343603982264
56917-01-21,0.7089511946853441
56919-10-18,0.707906380150949
56922-07-14,0.7056672697334145
56925-04-09,0.7059714245998234
56928-01-04,0.7062314791313732
56930-09-30,0.7053856518029602
56933-06-26,0.7229190780104106
56936-03-22,0.7337730000594921
56938-12-17,0.7345069171718274
56941-09-12,0.733673527462111
56944-06-08,0.7392854805076127
56947-03-05,0.7303033844439822
56949-11-29,0.7270407361382641
56952-08-25,0.7265934299782711
56955-05-22,0.7340243045811777
56958-02-15,0.7323158406658298
56960-11-11,0.7321611417053177
56963-08-08,0.7327093694198101
56966-05-04,0.7214439607989483
56969-01-28,0.7222751511985342
56971-10-25,0.7222452548142911
56974-07-21,0.7225571206749911
56977-04-16,0.7204532559198417
56980-01-11,0.7194275378628567
56982-10-07,0.719061992274724
56985-07-03,0.7164108534361929
56988-03-29,0.7310982144686367
56990-12-24,0.7331348223447425
56993-09-19,0.7367173640680956
56996-06-15,0.7365950324391746
56999-03-12,0.736234111647311
57001-12-07,0.7272345979206273
57004-09-02,0.725782876230012
57007-05-30,0.7274281000127026
57010-02-23,0.7342416625059193
57012-11-19,0.7319796088769853
57015-08-16,0.7372415827083846
57018-05-12,0.7308824763605789
57021-02-05,0.730487962958461
57023-11-02,0.7306015221126313
57026-07-29,0.7269857924237761
57029-04-24,0.7307508839934556
57032-01-19,0.7243042691228443
57034-10-15,0.7236141305373204
57037-07-11,0.7233219791213139
57040-04-06,0.7244408280329958
57043-01-01,0.7237214768537312
57045-09-27,0.7250172334626508
57048-06-23,0.7190016340110779
57051-03-20,0.7170205441124072
57053-12-14,0.7079082226718196
57056-09-09,0.7090745153761562
57059-06-06,0.7130355894399548
57062-03-02,0.7080512213621142
57064-11-26,0.6819117611726159
57067-08-23,0.6862545126525863
57070-05-19,0.6838179910407449
57073-02-12,0.6926842805612077
57075-11-09,0.6944938080112318
57078-08-05,0.6918319220614755
57081-05-01,0.6926580387786779
57084-01-26,0.7057610879916904
57086-10-22,0.7037812088744534
57089-07-18,0.7118291109455559
57092-04-13,0.7146678450224885
57095-01-08,0.7137203813835068
57097-10-04,0.7165095635838977
57100-07-01,0.7257979154575733
57103-03-28,0.7314694258024109
57105-12-22,0.7186845781439818
57108-09-17,0.7195550349214729
57111-06-14,0.7289389192948467
57114-03-10,0.7261285826558818
57116-12-04,0.7625920446133404
57119-08-31,0.777986376058987
57122-05-27,0.7594575093988983
57125-02-20,0.7698340063251526
57127-11-17,0.7698149806849097
57130-08-13,0.7787187338252096
57133-05-09,0.7734754642056293
57136-02-03,0.8070957890711209
57138-10-30,0.8344485925757683
57141-07-26,0.8324377878170114
57144-04-21,0.8342521708956631
57147-01-16,0.8318582263904699
57149-10-12,0.8303113521612633
57152-07-08,0.8248767019335105
57155-04-04,0.8292289131871785
57157-12-29,0.8289515959720666
57160-09-24,0.8216849768013353
57163-06-21,0.8245273068632105
57166-03-17,0.8229039565866146
57168-12-11,0.8237512113975048
57171-09-07,0.8226927758661108
57174-06-03,0.8229345167891858
57177-02-27,0.8252384630763956
57179-11-24,0.8171105300216416
57182-08-20,0.8214278274432378
57185-05-16,0.8228659042431279
57188-02-10,0.82478620795595
57190-11-06,0.8246597113168972
57193-08-02,0.8316264020003734
57196-04-28,0.833533875018823
57199-01-23,0.8335474505450793
57201-10-19,0.8308238852025385
57204-07-15,0.833096496989581
57207-04-11,0.8354679246797111
57210-01-05,0.8369787346880639
57212-10-01,0.838454547582211
57215-06-28,0.8389154844809994
57218-03-24,0.8414117370698899
57220-12-18,0.8424065621408651
57223-09-14,0.8440397965643033
57226-06-10,0.8447984740999164
57229-03-06,0.8447199965021223
57231-12-01,0.8561565868720077
57234-08-27,0.8483978987402908
57237-05-23,0.8512472346120403
57240-02-17,0.8651136776279723
57242-11-13,0.8666817953332496
57245-08-09,0.8654910429336302
57248-05-05,0.8660877918613824
57251-01-30,0.8692810783879961
57253-10-26,0.8686098440407742
57256-07-22,0.8653983923756544
57259-04-18,0.8671394387368574
57262-01-12,0.8645034588065048
57264-10-08,0.8706314818589448
57267-07-05,0.8715622154661381
57270-03-31,0.8710562710493571
57272-12-25,0.8697425556004748
57275-09-21,0.8782101632823506
57278-06-17,0.879264809885269
57281-03-13,0.8795415533836459
57283-12-08,0.87987275971148
57286-09-03,0.8782730289815958
57289-05-30,0.878306672225955
57292-02-24,0.8786546238249705
57294-11-20,0.8785725667577048
57297-08-16,0.8803989914176531
57300-05-13,0.8891838871179935
57303-02-07,0.8898079428955642
57305-11-03,0.8894312659622621
57308-07-30,0.8946640532199641
57311-04-26,0.8931977822395178
57314-01-20,0.8958831288034923
57316-10-16,0.8984763105175309
57319-07-13,0.8867243652447357
57322-04-08,0.877011223560261
57325-01-02,0.8692421800352997
57327-09-29,0.8689703941936235
57330-06-25,0.8683135839211559
57333-03-21,0.8635456964522604
57335-12-16,0.8629726154334029
57338-09-11,0.8614846705272359
57341-06-07,0.8617410781238921
57344-03-03,0.8616155178024628
57346-11-28,0.8614199930538313
57349-08-24,0.8604994647179117
57352-05-20,0.8595819877721821
57355-02-14,0.8585053162901869
57357-11-10,0.8585546187600348
57360-08-06,0.8622135780800096
57363-05-03,0.8638631742853011
57366-01-27,0.8587814865226951
57368-10-23,0.8636774292265637
57371-07-20,0.8558710138638382
57374-04-15,0.8547434159845096
57377-01-09,0.8551670532659891
57379-10-06,0.859513127947345
57382-07-02,0.846950443172672
57385-03-28,0.823664295813467
57387-12-23,0.8222174458676565
57390-09-18,0.822943850604408
57393-06-14,0.8217644378245564
57396-03-10,0.8268629321372001
57398-12-05,0.8316155519208231
57401-09-01,0.8239424882042582
57404-05-28,0.8208533374124842
57407-02-22,0.833754093119028
57409-11-18,0.8283223633239271
57412-08-14,0.8301986355911175
57415-05-11,0.8357614700342845
57418-02-04,0.8335481259931211
57420-10-31,0.8331565738824285
57423-07-28,0.8328751689431824
57426-04-23,0.8346884369797881
57429-01-17,0.8300303006903402
57431-10-14,0.8291818261016378
57434-07-10,0.8291057497182043
57437-04-05,0.8304389858606566
57439-12-31,0.8334824515457019
57442-09-26,0.8333115774469912
57445-06-22,0.839327071266107
57448-03-18,0.8395063842198022
57450-12-13,0.8367124735348893
57453-09-08,0.833100807032469
57456-06-04,0.8313231697421994
57459-03-01,0.8311366542242037
57461-11-25,0.8313698324520278
57464-08-21,0.8289751741117292
57467-05-18,0.8258067675468754
57470-02-11,0.8290261092706711
57472-11-07,0.829587708097666
57475-08-04,0.8308019546707119
57478-04-30,0.8101429860224154
57481-01-24,0.8138940090120168
57483-10-21,0.8096229901328765
57486-07-17,0.7857624640810751
57489-04-12,0.7746847545066953
57492-01-07,0.7921145633964478
57494-10-03,0.7874672356137605
57497-06-29,0.7852564664472692
57500-03-26,0.7840649204717988
57502-12-21,0.7825503395264176
57505-09-16,0.7615996755020799
57508-06-12,0.7544646347265418
57511-03-09,0.7537561326897987
57513-12-03,0.7478743097424986
57516-08-29,0.7481997358024608
57519-05-26,0.7525027245235085
57522-02-19,0.7300681265798261
57524-11-15,0.7200916655475554
57527-08-12,0.7239818439925411
57530-05-08,0.7216775156504613
57533-02-01,0.7221411440586681
57535-10-29,0.7206200917270428
57538-07-25,0.7244508456880495
57541-04-20,0.7264236145913134
57544-01-15,0.7264245323269247
57546-10-11,0.7279910161079091
57549-07-07,0.7319164273956242
57552-04-02,0.7389604768757931
57554-12-28,0.7393416489504668
57557-09-23,0.7407206014738974
57560-06-19,0.7467888191454224
57563-03-16,0.7482774444237643
57565-12-10,0.6931954124368643
57568-09-05,0.7161782277135225
57571-06-02,0.712360551972482
57574-02-26,0.6955896076977838
57576-11-22,0.6821616412732501
57579-08-19,0.6842910846637746
57582-05-15,0.6779420075931398
57585-02-08,0.6845959079068743
57587-11-05,0.6936802615027167
57590-08-01,0.6958891486874325
57593-04-27,0.7082836073594552
57596-01-22,0.710803013742474
57598-10-18,0.7163366332483609
57601-07-14,0.7349554064910465
57604-04-09,0.7313342618100946
57607-01-04,0.7232324552917961
57609-09-30,0.7442935289167681
57612-06-26,0.7466841343710192
57615-03-23,0.7440764694763269
57617-12-17,0.7618326923376431
57620-09-12,0.7666435127397985
57623-06-09,0.7660023946748769
57626-03-05,0.7599099051693984
57628-11-29,0.7610514081698299
57631-08-26,0.762353673251798
57634-05-22,0.7627331501854141
57637-02-15,0.7559141982075639
57639-11-12,0.7509816311417701
57642-08-08,0.7387324529639873
57645-05-04,0.7420138375706216
57648-01-29,0.7417829228961479
57650-10-25,0.742806852966807
57653-07-21,0.7332825442634464
57656-04-16,0.7375934787127104
57659-01-11,0.7364916409100521
57661-10-07,0.72283260134167
57664-07-03,0.728738508597702
57667-03-30,0.7237471038975911
57669-12-24,0.7234916643026859
57672-09-19,0.7279103152031267
57675-06-16,0.7268816652422809
57678-03-12,0.7216682918481302
57680-12-06,0.7195623271244341
57683-09-02,0.7151965741928462
57686-05-29,0.715735399201084
57689-02-22,0.7130246948939356
57691-11-19,0.6960371293111222
57694-08-15,0.7055575397849426
57697-05-11,0.7141373883607005
57700-02-05,0.7092998009672423
57702-11-02,0.7261874867221219
57705-07-29,0.7259485920140382
57708-04-24,0.7246218818024149
57711-01-19,0.7253948513162454
57713-10-15,0.7204611127437438
57716-07-11,0.7097786073078703
57719-04-07,0.7131371748460891
57722-01-01,0.7115087519322637
57724-09-27,0.7089212481485295
57727-06-24,0.7077814022779866
57730-03-20,0.7058816921364768
57732-12-14,0.7066646910009114
57735-09-10,0.7103722851223037
57738-06-06,0.6988921599254704
57741-03-02,0.7053830359431797
57743-11-27,0.754190462033229
57746-08-23,0.7568232159504001
57749-05-19,0.771163140569759
57752-02-13,0.789054825522491
57754-11-09,0.7967988965264606
57757-08-05,0.7994378917711983
57760-05-01,0.8047091399359535
57763-01-26,0.8051409522911167
57765-10-22,0.8143740585651148
57768-07-18,0.815224502544586
57771-04-14,0.8191713913113827
57774-01-08,0.8198694070501097
57776-10-04,0.8223246943638974
57779-07-01,0.8196972821759977
57782-03-27,0.8201959866836076
57784-12-21,0.818840280086914
57787-09-17,0.8218973130338082
57790-06-13,0.8219770128063862
57793-03-09,0.8224432283520776
57795-12-04,0.8191918963412073
57798-08-30,0.8174761324063892
57801-05-27,0.8173745389406677
57804-02-21,0.8161643082823895
57806-11-17,0.8214590497597309
57809-08-13,0.8292965600692761
57812-05-09,0.8395854965795781
57815-02-03,0.8393335861605657
57817-10-30,0.8448147666242086
57820-07-26,0.8591872091202385
57823-04-22,0.8670884235436324
57826-01-16,0.8695638777425228
57828-10-12,0.876084758053333
57831-07-09,0.8765749825984845
57834-04-04,0.8759628442770833
57836-12-29,0.8766834564369104
57839-09-25,0.866580224506249
57842-06-21,0.8673514057914034
57845-03-17,0.8683004480823329
57847-12-12,0.8649092935361896
57850-09-07,0.8679288605638759
57853-06-03,0.86803357456344
57856-02-28,0.8739093697311187
57858-11-24,0.8746752021612708
57861-08-20,0.8779915506305046
57864-05-16,0.8762648789549716
57867-02-10,0.8767052813208766
57869-11-06,0.8755277595209353
57872-08-02,0.873480662889555
57875-04-29,0.8736053982546448
57878-01-23,0.8726576278209581
57880-10-19,0.8729381498507285
57883-07-16,0.8771558039020266
57886-04-11,0.8844804173229238
57889-01-05,0.8907103879786323
57891-10-02,0.8922528253811979
57894-06-28,0.8923816628105845
57897-03-24,0.8930328780852943
57899-12-19,0.8928313742179038
57902-09-15,0.8929755903169228
57905-06-11,0.892432345148628
57908-03-07,0.895071793782191
57910-12-02,0.8938003560613316
57913-08-28,0.8963436832373836
57916-05-24,0.8977501033179204
57919-02-18,0.8974504428951552
57921-11-14,0.8975490908881519
57924-08-10,0.9007496283295394
57927-05-07,0.8999508524871498
57930-01-31,0.9003239063102393
57932-10-27,0.8996694360124624
57935-07-24,0.9021314213528172
57938-04-19,0.9020736176410433
57941-01-13,0.9022909777545634
57943-10-10,0.9022663901438017
57946-07-06,0.904165011970482
57949-04-01,0.900769949010511
57951-12-27,0.9034770910602613
57954-09-22,0.9035020915384483
57957-06-18,0.9026293381881371
57960-03-14,0.9027880201206702
57962-12-09,0.9033084147532212
57965-09-04,0.9012117777610246
57968-05-31,0.8994558858117833
57971-02-25,0.9002270782320239
57973-11-21,0.9004919844496385
57976-08-17,0.9001617753509055
57979-05-14,0.9005912325890187
57982-02-07,0.8992930969357055
57984-11-03,0.8970751803266439
57987-07-31,0.8987358514749727
57993-01-20,0.8823511424756598
57995-10-17,0.8819441572017103
57998-07-13,0.881570044443539
58001-04-08,0.8818208462506436
58004-01-03,0.888124950661688
58006-09-29,0.8860135782704124
58009-06-25,0.8855680026495787
58012-03-21,0.8853131377421732
58014-12-16,0.8844839035633991
58017-09-11,0.8826168758781999
58020-06-07,0.886334107635776
58025-11-28,0.8888766631843006
58028-08-24,0.8882290608273015
58031-05-21,0.8901778642955135
58034-02-14,0.8897575654513661
58036-11-10,0.891944369816838
58039-08-07,0.8908539158249525
58042-05-03,0.8906201643746073
58045-01-27,0.891640494037621
58047-10-24,0.896924880462169
58050-07-20,0.8906684073830798
58053-04-15,0.9005152616940988
58056-01-10,0.8951003489393546
58058-10-06,0.8964841135322987
58061-07-02,0.8968748222050615
58064-03-28,0.8926147694314459
58066-12-23,0.907778749214034
58069-09-18,0.9169829902996293
58072-06-14,0.9119666969677082
58075-03-11,0.9108912574213142
58077-12-05,0.910620332779604
58080-08-31,0.9116759627690374
58083-05-28,0.911511603062451
58086-02-21,0.9112180776876637
58088-11-17,0.9156117700551625
58091-08-14,0.9181055168091119
58094-05-10,0.9129782080104228
58097-02-03,0.9121826989527106
58099-10-31,0.9102034975740103
58102-07-28,0.9111948052823176
58105-04-23,0.9106830118095075
58108-01-18,0.907975289606131
58110-10-14,0.9076525361404495
58113-07-10,0.9079007664725509
58116-04-05,0.9107264890962481
58118-12-31,0.9125043802686121
58121-09-26,0.9170978722536984
58124-06-22,0.9183133788837403
58127-03-19,0.9190592292095259
58129-12-13,0.9198095510746175
58132-09-08,0.919958099285274
58135-06-05,0.9209271381598041
58138-03-01,0.9184971826067656
58140-11-25,0.9185869516055445
58143-08-22,0.9206245689545031
58146-05-18,0.9215092951542075
58149-02-11,0.9204038418273682
58151-11-08,0.9203906601848564
58154-08-04,0.9202638031759834
58157-04-30,0.9215806621290312
58160-01-25,0.923788237874511
58162-10-21,0.9243441797593149
58165-07-17,0.9280827185763325
58168-04-12,0.9282359030340775
58171-01-07,0.9289871215569354
58173-10-03,0.9256084734453133
58176-06-29,0.9254114395114774
58179-03-26,0.9281410439897172
58181-12-20,0.9291427091016388
58192-12-02,0.9291147118952644
58195-08-29,0.9281476413229758
58201-02-19,0.9283202000575832
58203-11-16,0.9282968722418666
58206-08-12,0.9283191754692843
58209-05-08,0.9282511904011471
58212-02-02,0.9286425058135718
58214-10-29,0.9292540350172014
58217-07-25,0.9280931764201146
58220-04-20,0.9275791323089988
58223-01-15,0.9275479310849574
58225-10-11,0.9277283547959342
58228-07-07,0.9276791919367601
58231-04-03,0.9281454027767057
58233-12-28,0.9300124325056377
58236-09-23,0.9311920321022056
58239-06-20,0.9309025687324155
58242-03-16,0.9312730749558611
58244-12-10,0.9301776814139691
58247-09-06,0.9325915776120528
58250-06-02,0.9343697037895032
58258-08-19,0.933474027775656
58261-05-15,0.9339492768407781
58264-02-09,0.9341320986416025
58266-11-05,0.9350262407651757
58269-08-01,0.9334989288092058
58272-04-27,0.9338238998606746
58275-01-22,0.9339868521808126
58277-10-18,0.9329273421948437
58280-07-14,0.9330997580287103
58283-04-10,0.9336480258294393
58286-01-04,0.9342068692131695
58288-09-30,0.9344037005922937
58291-06-27,0.9343609491177542
58294-03-23,0.9342952552483493
58296-12-17,0.9342490252680189
58299-09-13,0.9334068785735194
58302-06-10,0.9336886863757009
58305-03-06,0.934668929950434
58307-12-01,0.934597128760724
58310-08-27,0.9325023631437932
58313-05-23,0.9359023013171522
58316-02-17,0.9324581452112394
58318-11-13,0.9395402946084427
58321-08-09,0.9392126241700774
58324-05-05,0.9381564484853752
58327-01-30,0.9372757036761871
58329-10-26,0.9209653404269863
58332-07-22,0.9079995072423898
58335-04-18,0.9149475241129387
58338-01-12,0.9173217964547569
58340-10-08,0.9185960122415191
58343-07-05,0.9182006715230429
58346-03-31,0.9161832640474712
58348-12-25,0.9188952769210356
58351-09-21,0.9162096124029188
58370-11-20,0.9186472765036899
58379-02-06,0.9257935066699782
58381-11-02,0.9273059683034326
58384-07-29,0.919713196745992
58403-09-28,0.9416903922561095
58409-03-20,0.9430920118687486
